[2025-01-06 20:18:28.157] [DISPLAY] [Main ] [launcher] Opening log file.
[2025-01-06 20:18:28.158] [DISPLAY] [Main ] [main] Command line: "C:\Program Files\Rockstar Games\Launcher\Launcher.exe" -upgrade
[2025-01-06 20:18:28.158] [DISPLAY] [Main ] [main] P4 Version: 
[2025-01-06 20:18:28.158] [DISPLAY] [Main ] [main] RGL Branch: release_13
[2025-01-06 20:18:28.158] [DISPLAY] [Main ] [main] Version: 1.0.98.2208
[2025-01-06 20:18:28.158] [DISPLAY] [Main ] [main] Parameters:
[2025-01-06 20:18:28.158] [DISPLAY] [Main ] [main]     C:\Program Files\Rockstar Games\Launcher\Launcher.exe
[2025-01-06 20:18:28.158] [DISPLAY] [Main ] [main]     -upgrade
[2025-01-06 20:18:28.166] [DISPLAY] [Main ] [main] Initial Working Directory: C:\Program Files\Rockstar Games\Launcher
[2025-01-06 20:18:28.166] [DISPLAY] [Main ] [main] Working directory: C:\Program Files\Rockstar Games\Launcher
[2025-01-06 20:18:28.191] [DISPLAY] [Main ] [minmode] Starting up normally.
[2025-01-06 20:18:28.192] [DISPLAY] [Main ] [localisation] Language updated to: 0
[2025-01-06 20:18:28.205] [DISPLAY] [Main ] [titlestorage] Installed titles:
[2025-01-06 20:18:28.205] [DISPLAY] [Main ] [titlestorage]  Title                             Progress               Version              Location                                                    
[2025-01-06 20:18:28.205] [DISPLAY] [Main ] [preqmanager] Could not get preq list from disk; no preqs known to be installed.
[2025-01-06 20:18:28.210] [DISPLAY] [Main ] [svc] Service version: 1.0.98.2208 (1.0.98.2208)
[2025-01-06 20:18:28.238] [DISPLAY] [Main ] [fileutils] Version: 0.0.0.0 | 1.0.98.2208 | FFP
[2025-01-06 20:18:28.253] [DISPLAY] [Workr] [selfupdate] Up-to-date.
[2025-01-06 20:18:28.322] [DISPLAY] [DxDia] [diag] DxDiag info:
[2025-01-06 20:18:28.322] [DISPLAY] [DxDia] [diag] 

------------------
System Information
------------------
      Time of this report: 1/6/2025, 20:18:15
             Machine name: JUSTIN
               Machine Id: {B64D0417-58A9-4D3D-80B2-FE2A98D79A43}
         Operating System: Windows 11 Pro 64-bit (10.0, Build 22631) (22621.ni_release.220506-1250)
                 Language: English (Regional Setting: English)
      System Manufacturer: ASUS
             System Model: System Product Name
                     BIOS: 1811 (type: UEFI)
                Processor: AMD Ryzen 9 7950X3D 16-Core Processor           (32 CPUs), ~4.2GHz
                   Memory: 32768MB RAM
      Available OS Memory: 31964MB RAM
                Page File: 21843MB used, 38792MB available
              Windows Dir: C:\Windows
          DirectX Version: DirectX 12
      DX Setup Parameters: Not found
         User DPI Setting: 96 DPI (100 percent)
       System DPI Setting: 144 DPI (150 percent)
          DWM DPI Scaling: UnKnown
                 Miracast: Available, no HDCP
Microsoft Graphics Hybrid: Supported
 DirectX Database Version: 1.6.4
           DxDiag Version: 10.00.22621.3527 64bit Unicode

------------
DxDiag Notes
------------
      Display Tab 1: No problems found.
      Display Tab 2: No problems found.
      Display Tab 3: No problems found.
        Sound Tab 1: No problems found.
        Sound Tab 2: No problems found.
        Sound Tab 3: No problems found.
          Input Tab: No problems found.

--------------------
DirectX Debug Levels
--------------------
Direct3D:    0/4 (retail)
DirectDraw:  0/4 (retail)
DirectInput: 0/5 (retail)
DirectMusic: 0/5 (retail)
DirectPlay:  0/9 (retail)
DirectSound: 0/5 (retail)
DirectShow:  0/6 (retail)

---------------
Display Devices
---------------
           Card name: NVIDIA GeForce RTX 4090
        Manufacturer: NVIDIA
           Chip type: NVIDIA GeForce RTX 4090
            DAC type: Integrated RAMDAC
         Device Type: Full Device (POST)
          Device Key: Enum\PCI\VEN_10DE&DEV_2684&SUBSYS_88E61043&REV_A1
       Device Status: 0180200A [DN_DRIVER_LOADED|DN_STARTED|DN_DISABLEABLE|DN_NT_ENUMERATOR|DN_NT_DRIVER] 
 Device Problem Code: No Problem
 Driver Problem Code: Unknown
      Display Memory: 40124 MB
    Dedicated Memory: 24142 MB
       Shared Memory: 15982 MB
        Current Mode: 1920 x 1080 (32 bit) (60Hz)
         HDR Support: Not Supported
    Display Topology: Extend
 Display Color Space: DXGI_COLOR_SPACE_RGB_FULL_G22_NONE_P709
     Color Primaries: Red(0.636719,0.340820), Green(0.325195,0.599609), Blue(0.152344,0.050781), White Point(0.279297,0.291992)
   Display Luminance: Min Luminance = 0.500000, Max Luminance = 270.000000, MaxFullFrameLuminance = 270.000000
        Monitor Name: Generic PnP Monitor
       Monitor Model: 42LV4400
          Monitor Id: GSM0001
         Native Mode: 1920 x 1080(p) (60.000Hz)
         Output Type: HDMI
Monitor Capabilities: HDR Not Supported
Display Pixel Format: DISPLAYCONFIG_PIXELFORMAT_32BPP
      Advanced Color: Not Supported
         Driver Name: C:\Windows\System32\DriverStore\FileRepository\nv_dispi.inf_amd64_9425e4c3b1ac1c47\nvldumdx.dll,C:\Windows\System32\DriverStore\FileRepository\nv_dispi.inf_amd64_9425e4c3b1ac1c47\nvldumdx.dll,C:\Windows\System32\DriverStore\FileRepository\nv_dispi.inf_amd64_9425e4c3b1ac1c47\nvldumdx.dll,C:\Windows\System32\DriverStore\FileRepository\nv_dispi.inf_amd64_9425e4c3b1ac1c47\nvldumdx.dll
 Driver File Version: 32.00.0015.6636 (English)
      Driver Version: 32.0.15.6636
         DDI Version: 12
      Feature Levels: 12_2,12_1,12_0,11_1,11_0,10_1,10_0,9_3,9_2,9_1
        Driver Model: WDDM 3.1
 Hardware Scheduling: DriverSupportState:Stable Enabled:True 
         Displayable: Supported 
 Graphics Preemption: Pixel
  Compute Preemption: Dispatch
            Miracast: Not Supported by Graphics driver
      Detachable GPU: No
 Hybrid Graphics GPU: Discrete
      Power P-states: Not Supported
      Virtualization: Paravirtualization 
[2025-01-06 20:18:28.322] [DISPLAY] [DxDia] [diag] 

          Block List: No Blocks
  Catalog Attributes: Universal:False Declarative:True 
   Driver Attributes: Final Retail
    Driver Date/Size: 12/2/2024 6:00:00 PM, 814784 bytes
         WHQL Logo'd: Yes
     WHQL Date Stamp: Unknown
   Device Identifier: {D7B71E3E-65C4-11CF-1F6A-E9A80EC2ED35}
           Vendor ID: 0x10DE
           Device ID: 0x2684
           SubSys ID: 0x88E61043
         Revision ID: 0x00A1
  Driver Strong Name: oem14.inf:0f066de37724018d:Section080:32.0.15.6636:pci\ven_10de&dev_2684
      Rank Of Driver: 00CF2001
         Video Accel: 
         DXVA2 Modes: {86695F12-340E-4F04-9FD3-9253DD327460}  DXVA2_ModeMPEG2_VLD  {6F3EC719-3735-42CC-8063-65CC3CB36616}  DXVA2_ModeVC1_D2010  DXVA2_ModeVC1_VLD  {32FCFE3F-DE46-4A49-861B-AC71110649D5}  DXVA2_ModeH264_VLD_Stereo_Progressive_NoFGT  DXVA2_ModeH264_VLD_Stereo_NoFGT  DXVA2_ModeH264_VLD_NoFGT  DXVA2_ModeHEVC_VLD_Main  DXVA2_ModeHEVC_VLD_Main10  {1A72925F-0C2C-4F15-96FB-B17D1473603F}  {15DF9B21-06C4-47F1-841E-A67C97D7F312}  DXVA2_ModeMPEG4pt2_VLD_Simple  DXVA2_ModeMPEG4pt2_VLD_AdvSimple_NoGMC  {9947EC6F-689B-11DC-A320-0019DBBC4184}  {33FCFE41-DE46-4A49-861B-AC71110649D5}  DXVA2_ModeVP9_VLD_Profile0  DXVA2_ModeVP9_VLD_10bit_Profile2  {DDA19DC7-93B5-49F5-A9B3-2BDA28A2CE6E}  {B8BE4CCB-CF53-46BA-8D59-D6B8A6DA5D2A}  {6AFFD11E-1D96-42B1-A215-93A31F09A53D}  {914C84A3-4078-4FA9-984C-E2F262CB5C9C}  {8A1A1031-29BC-46D0-A007-E9B092CA6767}  
   Deinterlace Caps: {6CB69578-7617-4637-91E5-1C02DB810285}: Format(In/Out)=(YUY2,YUY2) Frames(Prev/Fwd/Back)=(0,0,0) Caps=VideoProcess_YUV2RGB VideoProcess_StretchX VideoProcess_StretchY DeinterlaceTech_PixelAdaptive 
                     {F9F19DA5-3B09-4B2F-9D89-C64753E3EAAB}: Format(In/Out)=(YUY2,YUY2) Frames(Prev/Fwd/Back)=(0,0,0) Caps=VideoProcess_YUV2RGB VideoProcess_StretchX VideoProcess_StretchY 
                     {5A54A0C9-C7EC-4BD9-8EDE-F3C75DC4393B}: Format(In/Out)=(YUY2,YUY2) Frames(Prev/Fwd/Back)=(0,0,0) Caps=VideoProcess_YUV2RGB VideoProcess_StretchX VideoProcess_StretchY 
                     {335AA36E-7884-43A4-9C91-7F87FAF3E37E}: Format(In/Out)=(YUY2,YUY2) Frames(Prev/Fwd/Back)=(0,0,0) Caps=VideoProcess_YUV2RGB VideoProcess_StretchX VideoProcess_StretchY DeinterlaceTech_BOBVerticalStretch 
                     {6CB69578-7617-4637-91E5-1C02DB810285}: Format(In/Out)=(UYVY,UYVY) Frames(Prev/Fwd/Back)=(0,0,0) Caps=VideoProcess_YUV2RGB VideoProcess_StretchX VideoProcess_StretchY DeinterlaceTech_PixelAdaptive 
                     {F9F19DA5-3B09-4B2F-9D89-C64753E3EAAB}: Format(In/Out)=(UYVY,UYVY) Frames(Prev/Fwd/Back)=(0,0,0) Caps=VideoProcess_YUV2RGB VideoProcess_StretchX VideoProcess_StretchY 
                     {5A54A0C9-C7EC-4BD9-8EDE-F3C75DC4393B}: Format(In/Out)=(UYVY,UYVY) Frames(Prev/Fwd/Back)=(0,0,0) Caps=VideoProcess_YUV2RGB VideoProcess_StretchX VideoProcess_StretchY 
                     {335AA36E-7884-43A4-9C91-7F87FAF3E37E}: Format(In/Out)=(UYVY,UYVY) Frames(Prev/Fwd/Back)=(0,0,0) Caps=VideoProcess_YUV2RGB VideoProcess_StretchX VideoProcess_StretchY DeinterlaceTech_BOBVerticalStretch 
                     {6CB69578-7617-4637-91E5-1C02DB810285}: Format(In/Out)=(YV12,0x32315659) Frames(Prev/Fwd/Back)=(0,0,0) Caps=VideoProcess_YUV2RGB VideoProcess_StretchX VideoProcess_StretchY DeinterlaceTech_PixelAdaptive 
                     {F9F19DA5-3B09-4B2F-9D89-C64753E3EAAB}: Format(In/Out)=(YV12,0x32315659) Frames(Prev/Fwd/Back)=(0,0,0) Caps=VideoProcess_YUV2RGB VideoProcess_StretchX VideoProcess_StretchY 
                     {5A54A0C9-C7EC-4BD9-8EDE-F3C75DC4393B}: Format(In/Out)=(YV12,0x32315659) Frames(Prev/Fwd/Back)=(0,0,0) Caps=VideoProcess_YUV2RGB VideoProcess_StretchX VideoProcess_StretchY 
                     {335AA36E-7884-43A4-9C91-7F87FAF3E37E}: Format(In/Out)=(YV12,0x32315659) Frames(Prev/Fwd/Back)=(0,0,0) Caps=VideoProcess_YUV2RGB VideoProcess_StretchX VideoProcess_StretchY DeinterlaceTech_BOBVerticalStretch 
[2025-01-06 20:18:28.322] [DISPLAY] [DxDia] [diag] 

                     {6CB69578-7617-4637-91E5-1C02DB810285}: Format(In/Out)=(NV12,0x3231564e) Frames(Prev/Fwd/Back)=(0,0,0) Caps=VideoProcess_YUV2RGB VideoProcess_StretchX VideoProcess_StretchY DeinterlaceTech_PixelAdaptive 
                     {F9F19DA5-3B09-4B2F-9D89-C64753E3EAAB}: Format(In/Out)=(NV12,0x3231564e) Frames(Prev/Fwd/Back)=(0,0,0) Caps=VideoProcess_YUV2RGB VideoProcess_StretchX VideoProcess_StretchY 
                     {5A54A0C9-C7EC-4BD9-8EDE-F3C75DC4393B}: Format(In/Out)=(NV12,0x3231564e) Frames(Prev/Fwd/Back)=(0,0,0) Caps=VideoProcess_YUV2RGB VideoProcess_StretchX VideoProcess_StretchY 
                     {335AA36E-7884-43A4-9C91-7F87FAF3E37E}: Format(In/Out)=(NV12,0x3231564e) Frames(Prev/Fwd/Back)=(0,0,0) Caps=VideoProcess_YUV2RGB VideoProcess_StretchX VideoProcess_StretchY DeinterlaceTech_BOBVerticalStretch 
                     {6CB69578-7617-4637-91E5-1C02DB810285}: Format(In/Out)=(IMC1,UNKNOWN) Frames(Prev/Fwd/Back)=(0,0,0) Caps=
                     {F9F19DA5-3B09-4B2F-9D89-C64753E3EAAB}: Format(In/Out)=(IMC1,UNKNOWN) Frames(Prev/Fwd/Back)=(0,0,0) Caps=
                     {5A54A0C9-C7EC-4BD9-8EDE-F3C75DC4393B}: Format(In/Out)=(IMC1,UNKNOWN) Frames(Prev/Fwd/Back)=(0,0,0) Caps=
                     {335AA36E-7884-43A4-9C91-7F87FAF3E37E}: Format(In/Out)=(IMC1,UNKNOWN) Frames(Prev/Fwd/Back)=(0,0,0) Caps=
                     {6CB69578-7617-4637-91E5-1C02DB810285}: Format(In/Out)=(IMC2,UNKNOWN) Frames(Prev/Fwd/Back)=(0,0,0) Caps=
                     {F9F19DA5-3B09-4B2F-9D89-C64753E3EAAB}: Format(In/Out)=(IMC2,UNKNOWN) Frames(Prev/Fwd/Back)=(0,0,0) Caps=
                     {5A54A0C9-C7EC-4BD9-8EDE-F3C75DC4393B}: Format(In/Out)=(IMC2,UNKNOWN) Frames(Prev/Fwd/Back)=(0,0,0) Caps=
                     {335AA36E-7884-43A4-9C91-7F87FAF3E37E}: Format(In/Out)=(IMC2,UNKNOWN) Frames(Prev/Fwd/Back)=(0,0,0) Caps=
                     {6CB69578-7617-4637-91E5-1C02DB810285}: Format(In/Out)=(IMC3,UNKNOWN) Frames(Prev/Fwd/Back)=(0,0,0) Caps=
                     {F9F19DA5-3B09-4B2F-9D89-C64753E3EAAB}: Format(In/Out)=(IMC3,UNKNOWN) Frames(Prev/Fwd/Back)=(0,0,0) Caps=
                     {5A54A0C9-C7EC-4BD9-8EDE-F3C75DC4393B}: Format(In/Out)=(IMC3,UNKNOWN) Frames(Prev/Fwd/Back)=(0,0,0) Caps=
                     {335AA36E-7884-43A4-9C91-7F87FAF3E37E}: Format(In/Out)=(IMC3,UNKNOWN) Frames(Prev/Fwd/Back)=(0,0,0) Caps=
                     {6CB69578-7617-4637-91E5-1C02DB810285}: Format(In/Out)=(IMC4,UNKNOWN) Frames(Prev/Fwd/Back)=(0,0,0) Caps=
                     {F9F19DA5-3B09-4B2F-9D89-C64753E3EAAB}: Format(In/Out)=(IMC4,UNKNOWN) Frames(Prev/Fwd/Back)=(0,0,0) Caps=
                     {5A54A0C9-C7EC-4BD9-8EDE-F3C75DC4393B}: Format(In/Out)=(IMC4,UNKNOWN) Frames(Prev/Fwd/Back)=(0,0,0) Caps=
                     {335AA36E-7884-43A4-9C91-7F87FAF3E37E}: Format(In/Out)=(IMC4,UNKNOWN) Frames(Prev/Fwd/Back)=(0,0,0) Caps=
                     {6CB69578-7617-4637-91E5-1C02DB810285}: Format(In/Out)=(S340,UNKNOWN) Frames(Prev/Fwd/Back)=(0,0,0) Caps=
                     {F9F19DA5-3B09-4B2F-9D89-C64753E3EAAB}: Format(In/Out)=(S340,UNKNOWN) Frames(Prev/Fwd/Back)=(0,0,0) Caps=
                     {5A54A0C9-C7EC-4BD9-8EDE-F3C75DC4393B}: Format(In/Out)=(S340,UNKNOWN) Frames(Prev/Fwd/Back)=(0,0,0) Caps=
                     {335AA36E-7884-43A4-9C91-7F87FAF3E37E}: Format(In/Out)=(S340,UNKNOWN) Frames(Prev/Fwd/Back)=(0,0,0) Caps=
                     {6CB69578-7617-4637-91E5-1C02DB810285}: Format(In/Out)=(S342,UNKNOWN) Frames(Prev/Fwd/Back)=(0,0,0) Caps=
                     {F9F19DA5-3B09-4B2F-9D89-C64753E3EAAB}: Format(In/Out)=(S342,UNKNOWN) Frames(Prev/Fwd/Back)=(0,0,0) Caps=
                     {5A54A0C9-C7EC-4BD9-8EDE-F3C75DC4393B}: Format(In/Out)=(S342,UNKNOWN) Frames(Prev/Fwd/Back)=(0,0,0) Caps=
                     {335AA36E-7884-43A4-9C91-7F87FAF3E37E}: Format(In/Out)=(S342,UNKNOWN) Frames(Prev/Fwd/Back)=(0,0,0) Caps=
        D3D9 Overlay: Not Supported
             DXVA-HD: Supported
        DDraw Status: Enabled
          D3D Status: Enabled
          AGP Status: Enabled
[2025-01-06 20:18:28.322] [DISPLAY] [DxDia] [diag] 

       MPO MaxPlanes: 1
            MPO Caps: Not Supported
         MPO Stretch: Not Supported
     MPO Media Hints: Not Supported
         MPO Formats: Not Supported
    PanelFitter Caps: Not Supported
 PanelFitter Stretch: Not Supported

           Card name: NVIDIA GeForce RTX 4090
        Manufacturer: NVIDIA
           Chip type: NVIDIA GeForce RTX 4090
            DAC type: Integrated RAMDAC
         Device Type: Full Device (POST)
          Device Key: Enum\PCI\VEN_10DE&DEV_2684&SUBSYS_88E61043&REV_A1
       Device Status: 0180200A [DN_DRIVER_LOADED|DN_STARTED|DN_DISABLEABLE|DN_NT_ENUMERATOR|DN_NT_DRIVER] 
 Device Problem Code: No Problem
 Driver Problem Code: Unknown
      Display Memory: 40124 MB
    Dedicated Memory: 24142 MB
       Shared Memory: 15982 MB
        Current Mode: 3840 x 2160 (32 bit) (144Hz)
         HDR Support: Supported
    Display Topology: Extend
 Display Color Space: DXGI_COLOR_SPACE_RGB_FULL_G2084_NONE_P2020
     Color Primaries: Red(0.676758,0.322266), Green(0.275391,0.629883), Blue(0.154297,0.059570), White Point(0.313477,0.329102)
   Display Luminance: Min Luminance = 0.019900, Max Luminance = 400.000000, MaxFullFrameLuminance = 400.000000
        Monitor Name: Generic PnP Monitor
       Monitor Model: VG28UQL1A
          Monitor Id: AUS28A0
         Native Mode: 3840 x 2160(p) (59.997Hz)
         Output Type: Displayport External
Monitor Capabilities: HDR Supported (BT2020RGB BT2020YCC Eotf2084Supported )
Display Pixel Format: DISPLAYCONFIG_PIXELFORMAT_NONGDI
      Advanced Color: AdvancedColorSupported AdvancedColorEnabled 
         Driver Name: C:\Windows\System32\DriverStore\FileRepository\nv_dispi.inf_amd64_9425e4c3b1ac1c47\nvldumdx.dll,C:\Windows\System32\DriverStore\FileRepository\nv_dispi.inf_amd64_9425e4c3b1ac1c47\nvldumdx.dll,C:\Windows\System32\DriverStore\FileRepository\nv_dispi.inf_amd64_9425e4c3b1ac1c47\nvldumdx.dll,C:\Windows\System32\DriverStore\FileRepository\nv_dispi.inf_amd64_9425e4c3b1ac1c47\nvldumdx.dll
 Driver File Version: 32.00.0015.6636 (English)
      Driver Version: 32.0.15.6636
         DDI Version: 12
      Feature Levels: 12_2,12_1,12_0,11_1,11_0,10_1,10_0,9_3,9_2,9_1
        Driver Model: WDDM 3.1
 Hardware Scheduling: DriverSupportState:Stable Enabled:True 
         Displayable: Supported 
 Graphics Preemption: Pixel
  Compute Preemption: Dispatch
            Miracast: Not Supported by Graphics driver
      Detachable GPU: No
 Hybrid Graphics GPU: Discrete
      Power P-states: Not Supported
      Virtualization: Paravirtualization 
          Block List: No Blocks
  Catalog Attributes: Universal:False Declarative:True 
   Driver Attributes: Final Retail
    Driver Date/Size: 12/2/2024 6:00:00 PM, 814784 bytes
         WHQL Logo'd: Yes
     WHQL Date Stamp: Unknown
   Device Identifier: {D7B71E3E-65C4-11CF-1F6A-E9A80EC2ED35}
           Vendor ID: 0x10DE
           Device ID: 0x2684
           SubSys ID: 0x88E61043
         Revision ID: 0x00A1
  Driver Strong Name: oem14.inf:0f066de37724018d:Section080:32.0.15.6636:pci\ven_10de&dev_2684
      Rank Of Driver: 00CF2001
         Video Accel: 
         DXVA2 Modes: {86695F12-340E-4F04-9FD3-9253DD327460}  DXVA2_ModeMPEG2_VLD  {6F3EC719-3735-42CC-8063-65CC3CB36616}  DXVA2_ModeVC1_D2010  DXVA2_ModeVC1_VLD  {32FCFE3F-DE46-4A49-861B-AC71110649D5}  DXVA2_ModeH264_VLD_Stereo_Progressive_NoFGT  DXVA2_ModeH264_VLD_Stereo_NoFGT  DXVA2_ModeH264_VLD_NoFGT  DXVA2_ModeHEVC_VLD_Main  DXVA2_ModeHEVC_VLD_Main10  {1A72925F-0C2C-4F15-96FB-B17D1473603F}  {15DF9B21-06C4-47F1-841E-A67C97D7F312}  DXVA2_ModeMPEG4pt2_VLD_Simple  DXVA2_ModeMPEG4pt2_VLD_AdvSimple_NoGMC  {9947EC6F-689B-11DC-A320-0019DBBC4184}  {33FCFE41-DE46-4A49-861B-AC71110649D5}  DXVA2_ModeVP9_VLD_Profile0  DXVA2_ModeVP9_VLD_10bit_Profile2  {DDA19DC7-93B5-49F5-A9B3-2BDA28A2CE6E}  {B8BE4CCB-CF53-46BA-8D59-D6B8A6DA5D2A}  {6AFFD11E-1D96-42B1-A215-93A31F09A53D}  {914C84A3-4078-4FA9-984C-E2F262CB5C9C}  {8A1A1031-29BC-46D0-A007-E9B092CA6767}  
[2025-01-06 20:18:28.322] [DISPLAY] [DxDia] [diag] 

   Deinterlace Caps: {6CB69578-7617-4637-91E5-1C02DB810285}: Format(In/Out)=(YUY2,YUY2) Frames(Prev/Fwd/Back)=(0,0,0) Caps=VideoProcess_YUV2RGB VideoProcess_StretchX VideoProcess_StretchY DeinterlaceTech_PixelAdaptive 
                     {F9F19DA5-3B09-4B2F-9D89-C64753E3EAAB}: Format(In/Out)=(YUY2,YUY2) Frames(Prev/Fwd/Back)=(0,0,0) Caps=VideoProcess_YUV2RGB VideoProcess_StretchX VideoProcess_StretchY 
                     {5A54A0C9-C7EC-4BD9-8EDE-F3C75DC4393B}: Format(In/Out)=(YUY2,YUY2) Frames(Prev/Fwd/Back)=(0,0,0) Caps=VideoProcess_YUV2RGB VideoProcess_StretchX VideoProcess_StretchY 
                     {335AA36E-7884-43A4-9C91-7F87FAF3E37E}: Format(In/Out)=(YUY2,YUY2) Frames(Prev/Fwd/Back)=(0,0,0) Caps=VideoProcess_YUV2RGB VideoProcess_StretchX VideoProcess_StretchY DeinterlaceTech_BOBVerticalStretch 
                     {6CB69578-7617-4637-91E5-1C02DB810285}: Format(In/Out)=(UYVY,UYVY) Frames(Prev/Fwd/Back)=(0,0,0) Caps=VideoProcess_YUV2RGB VideoProcess_StretchX VideoProcess_StretchY DeinterlaceTech_PixelAdaptive 
                     {F9F19DA5-3B09-4B2F-9D89-C64753E3EAAB}: Format(In/Out)=(UYVY,UYVY) Frames(Prev/Fwd/Back)=(0,0,0) Caps=VideoProcess_YUV2RGB VideoProcess_StretchX VideoProcess_StretchY 
                     {5A54A0C9-C7EC-4BD9-8EDE-F3C75DC4393B}: Format(In/Out)=(UYVY,UYVY) Frames(Prev/Fwd/Back)=(0,0,0) Caps=VideoProcess_YUV2RGB VideoProcess_StretchX VideoProcess_StretchY 
                     {335AA36E-7884-43A4-9C91-7F87FAF3E37E}: Format(In/Out)=(UYVY,UYVY) Frames(Prev/Fwd/Back)=(0,0,0) Caps=VideoProcess_YUV2RGB VideoProcess_StretchX VideoProcess_StretchY DeinterlaceTech_BOBVerticalStretch 
                     {6CB69578-7617-4637-91E5-1C02DB810285}: Format(In/Out)=(YV12,0x32315659) Frames(Prev/Fwd/Back)=(0,0,0) Caps=VideoProcess_YUV2RGB VideoProcess_StretchX VideoProcess_StretchY DeinterlaceTech_PixelAdaptive 
                     {F9F19DA5-3B09-4B2F-9D89-C64753E3EAAB}: Format(In/Out)=(YV12,0x32315659) Frames(Prev/Fwd/Back)=(0,0,0) Caps=VideoProcess_YUV2RGB VideoProcess_StretchX VideoProcess_StretchY 
                     {5A54A0C9-C7EC-4BD9-8EDE-F3C75DC4393B}: Format(In/Out)=(YV12,0x32315659) Frames(Prev/Fwd/Back)=(0,0,0) Caps=VideoProcess_YUV2RGB VideoProcess_StretchX VideoProcess_StretchY 
                     {335AA36E-7884-43A4-9C91-7F87FAF3E37E}: Format(In/Out)=(YV12,0x32315659) Frames(Prev/Fwd/Back)=(0,0,0) Caps=VideoProcess_YUV2RGB VideoProcess_StretchX VideoProcess_StretchY DeinterlaceTech_BOBVerticalStretch 
                     {6CB69578-7617-4637-91E5-1C02DB810285}: Format(In/Out)=(NV12,0x3231564e) Frames(Prev/Fwd/Back)=(0,0,0) Caps=VideoProcess_YUV2RGB VideoProcess_StretchX VideoProcess_StretchY DeinterlaceTech_PixelAdaptive 
                     {F9F19DA5-3B09-4B2F-9D89-C64753E3EAAB}: Format(In/Out)=(NV12,0x3231564e) Frames(Prev/Fwd/Back)=(0,0,0) Caps=VideoProcess_YUV2RGB VideoProcess_StretchX VideoProcess_StretchY 
                     {5A54A0C9-C7EC-4BD9-8EDE-F3C75DC4393B}: Format(In/Out)=(NV12,0x3231564e) Frames(Prev/Fwd/Back)=(0,0,0) Caps=VideoProcess_YUV2RGB VideoProcess_StretchX VideoProcess_StretchY 
                     {335AA36E-7884-43A4-9C91-7F87FAF3E37E}: Format(In/Out)=(NV12,0x3231564e) Frames(Prev/Fwd/Back)=(0,0,0) Caps=VideoProcess_YUV2RGB VideoProcess_StretchX VideoProcess_StretchY DeinterlaceTech_BOBVerticalStretch 
                     {6CB69578-7617-4637-91E5-1C02DB810285}: Format(In/Out)=(IMC1,UNKNOWN) Frames(Prev/Fwd/Back)=(0,0,0) Caps=
                     {F9F19DA5-3B09-4B2F-9D89-C64753E3EAAB}: Format(In/Out)=(IMC1,UNKNOWN) Frames(Prev/Fwd/Back)=(0,0,0) Caps=
                     {5A54A0C9-C7EC-4BD9-8EDE-F3C75DC4393B}: Format(In/Out)=(IMC1,UNKNOWN) Frames(Prev/Fwd/Back)=(0,0,0) Caps=
                     {335AA36E-7884-43A4-9C91-7F87FAF3E37E}: Format(In/Out)=(IMC1,UNKNOWN) Frames(Prev/Fwd/Back)=(0,0,0) Caps=
                     {6CB69578-7617-4637-91E5-1C02DB810285}: Format(In/Out)=(IMC2,UNKNOWN) Frames(Prev/Fwd/Back)=(0,0,0) Caps=
[2025-01-06 20:18:28.322] [DISPLAY] [DxDia] [diag] 

                     {F9F19DA5-3B09-4B2F-9D89-C64753E3EAAB}: Format(In/Out)=(IMC2,UNKNOWN) Frames(Prev/Fwd/Back)=(0,0,0) Caps=
                     {5A54A0C9-C7EC-4BD9-8EDE-F3C75DC4393B}: Format(In/Out)=(IMC2,UNKNOWN) Frames(Prev/Fwd/Back)=(0,0,0) Caps=
                     {335AA36E-7884-43A4-9C91-7F87FAF3E37E}: Format(In/Out)=(IMC2,UNKNOWN) Frames(Prev/Fwd/Back)=(0,0,0) Caps=
                     {6CB69578-7617-4637-91E5-1C02DB810285}: Format(In/Out)=(IMC3,UNKNOWN) Frames(Prev/Fwd/Back)=(0,0,0) Caps=
                     {F9F19DA5-3B09-4B2F-9D89-C64753E3EAAB}: Format(In/Out)=(IMC3,UNKNOWN) Frames(Prev/Fwd/Back)=(0,0,0) Caps=
                     {5A54A0C9-C7EC-4BD9-8EDE-F3C75DC4393B}: Format(In/Out)=(IMC3,UNKNOWN) Frames(Prev/Fwd/Back)=(0,0,0) Caps=
                     {335AA36E-7884-43A4-9C91-7F87FAF3E37E}: Format(In/Out)=(IMC3,UNKNOWN) Frames(Prev/Fwd/Back)=(0,0,0) Caps=
                     {6CB69578-7617-4637-91E5-1C02DB810285}: Format(In/Out)=(IMC4,UNKNOWN) Frames(Prev/Fwd/Back)=(0,0,0) Caps=
                     {F9F19DA5-3B09-4B2F-9D89-C64753E3EAAB}: Format(In/Out)=(IMC4,UNKNOWN) Frames(Prev/Fwd/Back)=(0,0,0) Caps=
                     {5A54A0C9-C7EC-4BD9-8EDE-F3C75DC4393B}: Format(In/Out)=(IMC4,UNKNOWN) Frames(Prev/Fwd/Back)=(0,0,0) Caps=
                     {335AA36E-7884-43A4-9C91-7F87FAF3E37E}: Format(In/Out)=(IMC4,UNKNOWN) Frames(Prev/Fwd/Back)=(0,0,0) Caps=
                     {6CB69578-7617-4637-91E5-1C02DB810285}: Format(In/Out)=(S340,UNKNOWN) Frames(Prev/Fwd/Back)=(0,0,0) Caps=
                     {F9F19DA5-3B09-4B2F-9D89-C64753E3EAAB}: Format(In/Out)=(S340,UNKNOWN) Frames(Prev/Fwd/Back)=(0,0,0) Caps=
                     {5A54A0C9-C7EC-4BD9-8EDE-F3C75DC4393B}: Format(In/Out)=(S340,UNKNOWN) Frames(Prev/Fwd/Back)=(0,0,0) Caps=
                     {335AA36E-7884-43A4-9C91-7F87FAF3E37E}: Format(In/Out)=(S340,UNKNOWN) Frames(Prev/Fwd/Back)=(0,0,0) Caps=
                     {6CB69578-7617-4637-91E5-1C02DB810285}: Format(In/Out)=(S342,UNKNOWN) Frames(Prev/Fwd/Back)=(0,0,0) Caps=
                     {F9F19DA5-3B09-4B2F-9D89-C64753E3EAAB}: Format(In/Out)=(S342,UNKNOWN) Frames(Prev/Fwd/Back)=(0,0,0) Caps=
                     {5A54A0C9-C7EC-4BD9-8EDE-F3C75DC4393B}: Format(In/Out)=(S342,UNKNOWN) Frames(Prev/Fwd/Back)=(0,0,0) Caps=
                     {335AA36E-7884-43A4-9C91-7F87FAF3E37E}: Format(In/Out)=(S342,UNKNOWN) Frames(Prev/Fwd/Back)=(0,0,0) Caps=
        D3D9 Overlay: Not Supported
             DXVA-HD: Supported
        DDraw Status: Enabled
          D3D Status: Enabled
          AGP Status: Enabled
       MPO MaxPlanes: 1
            MPO Caps: Not Supported
         MPO Stretch: Not Supported
     MPO Media Hints: Not Supported
         MPO Formats: Not Supported
    PanelFitter Caps: Not Supported
 PanelFitter Stretch: Not Supported

           Card name: AMD Radeon(TM) Graphics
        Manufacturer: Advanced Micro Devices, Inc.
           Chip type: AMD Radeon Graphics Processor (0x164E)
            DAC type: Internal DAC(400MHz)
         Device Type: Full Device
          Device Key: Enum\PCI\VEN_1002&DEV_164E&SUBSYS_88771043&REV_C9
       Device Status: 0180200A [DN_DRIVER_LOADED|DN_STARTED|DN_DISABLEABLE|DN_NT_ENUMERATOR|DN_NT_DRIVER] 
 Device Problem Code: No Problem
 Driver Problem Code: Unknown
      Display Memory: 16467 MB
    Dedicated Memory: 485 MB
       Shared Memory: 15982 MB
        Current Mode: Unknown
         HDR Support: Unknown
    Display Topology: Unknown
 Display Color Space: Unknown
     Color Primaries: Unknown
   Display Luminance: Unknown
         Driver Name: C:\Windows\System32\DriverStore\FileRepository\u0403811.inf_amd64_52448c34fb47b343\B403843\amdxn64.dll,C:\Windows\System32\DriverStore\FileRepository\u0403811.inf_amd64_52448c34fb47b343\B403843\amdxx64.dll,C:\Windows\System32\DriverStore\FileRepository\u0403811.inf_amd64_52448c34fb47b343\B403843\amdxx64.dll,C:\Windows\System32\DriverStore\FileRepository\u0403811.inf_amd64_52448c34fb47b343\B403843\amdxc64.dll
 Driver File Version: 32.00.11016.0003 (English)
[2025-01-06 20:18:28.322] [DISPLAY] [DxDia] [diag] 

      Driver Version: 32.0.11016.3
         DDI Version: 12
      Feature Levels: 12_1,12_0,11_1,11_0,10_1,10_0,9_3,9_2,9_1
        Driver Model: WDDM 3.1
 Hardware Scheduling: DriverSupportState:AlwaysOff Enabled:False 
         Displayable: Not Supported 
 Graphics Preemption: Primitive
  Compute Preemption: DMA
            Miracast: Not Supported by Graphics driver
      Detachable GPU: No
 Hybrid Graphics GPU: Integrated
      Power P-states: Not Supported
      Virtualization: Paravirtualization 
          Block List: DISABLE_HWSCH
  Catalog Attributes: Universal:False Declarative:True 
   Driver Attributes: Final Retail
    Driver Date/Size: 5/27/2024 6:00:00 PM, 58741944 bytes
         WHQL Logo'd: Yes
     WHQL Date Stamp: Unknown
   Device Identifier: Unknown
           Vendor ID: 0x1002
           Device ID: 0x164E
           SubSys ID: 0x88771043
         Revision ID: 0x00C9
  Driver Strong Name: oem27.inf:cb0ae414c35af372:ati2mtag_Raphael:32.0.11016.3:PCI\VEN_1002&DEV_164E&SUBSYS_88771043&REV_C9
      Rank Of Driver: 00CF0000
         Video Accel: Unknown
         DXVA2 Modes: {C58B9A06-7E89-11E1-BB00-70B34824019B}  DXVA2_ModeH264_VLD_NoFGT  {4245F676-2BBC-4166-A0BB-54E7B849C380}  {9901CCD3-CA12-4B7E-867A-E2223D9255C3}  DXVA2_ModeH264_VLD_Stereo_Progressive_NoFGT  DXVA2_ModeH264_VLD_Stereo_NoFGT  {D1C20509-AE7B-4E72-AE3B-49F88D58992F}  DXVA2_ModeHEVC_VLD_Main  {EA72396A-67EC-4781-BEDE-56F498F04EF2}  {C152CA8F-738C-461B-AD89-FC292CF8F162}  {514A356C-7027-4AFF-8A60-AFD2C1F672F1}  DXVA2_ModeHEVC_VLD_Main10  {65D1FA41-58AF-453A-9CAB-5D981156DA9F}  {2DB154B6-DBB2-4079-A3FF-60D7A898A6AB}  {C74A3FD0-D713-4581-A02E-8EDFB112ACE3}  DXVA2_ModeVP9_VLD_Profile0  DXVA2_ModeVP9_VLD_10bit_Profile2  {B8BE4CCB-CF53-46BA-8D59-D6B8A6DA5D2A}  {603A4756-A864-4F91-BB62-2C935B7A1391}  {84AD67F6-4C21-419A-9F0B-24F0578906C1}  
      Deinterlace Caps: n/a
        D3D9 Overlay: Unknown
             DXVA-HD: Unknown
        DDraw Status: Enabled
          D3D Status: Enabled
          AGP Status: Enabled
       MPO MaxPlanes: 0
            MPO Caps: Not Supported
         MPO Stretch: Not Supported
     MPO Media Hints: Not Supported
         MPO Formats: Not Supported
    PanelFitter Caps: Not Supported
 PanelFitter Stretch: Not Supported
   Component Drivers: 
             Driver Name: Unknown
          Driver Version: Unknown
             Driver Date: Unknown
         Driver Provider: Unknown
      Catalog Attributes: N/A
             Driver Name: Unknown
          Driver Version: Unknown
             Driver Date: Unknown
         Driver Provider: Unknown
      Catalog Attributes: N/A
             Driver Name: Unknown
          Driver Version: Unknown
             Driver Date: Unknown
         Driver Provider: Unknown
      Catalog Attributes: N/A
             Driver Name: Unknown
          Driver Version: Unknown
             Driver Date: Unknown
         Driver Provider: Unknown
      Catalog Attributes: N/A

-------------
Sound Devices
-------------
            Description: Speakers (NVIDIA Broadcast)
 Default Sound Playback: No
 Default Voice Playback: Yes
            Hardware ID: USB\VID_0956&PID_9001
        Manufacturer ID: N/A
             Product ID: N/A
                   Type: N/A
            Driver Name: nvrtxvad64v.sys
         Driver Version: 1.0.1.13 (English)
      Driver Attributes: Final Retail
            WHQL Logo'd: Yes
          Date and Size: 1/15/2024 6:00:00 PM, 59928 bytes
            Other Files: 
        Driver Provider: NVIDIA
         HW Accel Level: Emulation Only
              Cap Flags: 0xF1F
    Min/Max Sample Rate: 100, 200000
Static/Strm HW Mix Bufs: 1, 0
 Static/Strm HW 3D Bufs: 0, 0
              HW Memory: 0
       Voice Management: No
 EAX(tm) 2.0 Listen/Src: No, No
   I3DL2(tm) Listen/Src: No, No
Sensaura(tm) ZoomFX(tm): No

            Description: Speakers (Realtek(R) Audio)
 Default Sound Playback: Yes
 Default Voice Playback: No
[2025-01-06 20:18:28.322] [DISPLAY] [DxDia] [diag] 

            Hardware ID: HDAUDIO\FUNC_01&VEN_10EC&DEV_0897&SUBSYS_10438841&REV_1005
        Manufacturer ID: N/A
             Product ID: N/A
                   Type: N/A
            Driver Name: RTKVHD64.sys
         Driver Version: 6.0.9754.1 (English)
      Driver Attributes: Final Retail
            WHQL Logo'd: Yes
          Date and Size: 11/4/2024 6:00:00 PM, 6665704 bytes
            Other Files: 
        Driver Provider: Realtek Semiconductor Corp.
         HW Accel Level: Emulation Only
              Cap Flags: 0xF1F
    Min/Max Sample Rate: 100, 200000
Static/Strm HW Mix Bufs: 1, 0
 Static/Strm HW 3D Bufs: 0, 0
              HW Memory: 0
       Voice Management: No
 EAX(tm) 2.0 Listen/Src: No, No
   I3DL2(tm) Listen/Src: No, No
Sensaura(tm) ZoomFX(tm): No

            Description: VG28UQL1A (NVIDIA High Definition Audio)
 Default Sound Playback: No
 Default Voice Playback: No
            Hardware ID: HDAUDIO\FUNC_01&VEN_10DE&DEV_00A3&SUBSYS_104388E6&REV_1001
        Manufacturer ID: N/A
             Product ID: N/A
                   Type: N/A
            Driver Name: nvhda64v.sys
         Driver Version: 1.4.2.6 (English)
      Driver Attributes: Final Retail
            WHQL Logo'd: Yes
          Date and Size: 9/25/2024 6:00:00 PM, 125048 bytes
            Other Files: 
        Driver Provider: NVIDIA Corporation
         HW Accel Level: Emulation Only
              Cap Flags: 0xF1F
    Min/Max Sample Rate: 100, 200000
Static/Strm HW Mix Bufs: 1, 0
 Static/Strm HW 3D Bufs: 0, 0
              HW Memory: 0
       Voice Management: No
 EAX(tm) 2.0 Listen/Src: No, No
   I3DL2(tm) Listen/Src: No, No
Sensaura(tm) ZoomFX(tm): No

---------------------
Sound Capture Devices
---------------------
            Description: Microphone (3- fifine Microphone)
  Default Sound Capture: No
  Default Voice Capture: Yes
            Driver Name: USBAUDIO.sys
         Driver Version: 10.0.22621.4391 (English)
      Driver Attributes: Final Retail
          Date and Size: 10/15/2024 6:00:00 PM, 282624 bytes
              Cap Flags: 0x1
           Format Flags: 0xFFFFF

            Description: Microphone (NVIDIA Broadcast)
  Default Sound Capture: Yes
  Default Voice Capture: No
            Driver Name: nvrtxvad64v.sys
         Driver Version: 1.0.1.13 (English)
      Driver Attributes: Final Retail
          Date and Size: 1/15/2024 6:00:00 PM, 59928 bytes
              Cap Flags: 0x1
           Format Flags: 0xFFFFF

---------------------
Video Capture Devices
Number of Devices: 0
---------------------
-------------------
DirectInput Devices
-------------------
      Device Name: Mouse
         Attached: 1
    Controller ID: n/a
Vendor/Product ID: n/a
        FF Driver: n/a

      Device Name: Keyboard
         Attached: 1
    Controller ID: n/a
Vendor/Product ID: n/a
        FF Driver: n/a

      Device Name: AURA LED Controller
         Attached: 1
    Controller ID: 0x0
Vendor/Product ID: 0x0B05, 0x19AF
        FF Driver: n/a

      Device Name: LogiG TKL MKeyboard
         Attached: 1
    Controller ID: 0x0
Vendor/Product ID: 0x046D, 0xC34A
        FF Driver: n/a

      Device Name: ROG STRIX LC
         Attached: 1
    Controller ID: 0x0
Vendor/Product ID: 0x0B05, 0x879E
        FF Driver: n/a

      Device Name: ROG STRIX LC
         Attached: 1
    Controller ID: 0x0
Vendor/Product ID: 0x0B05, 0x879E
        FF Driver: n/a

      Device Name: ROG STRIX LC
         Attached: 1
    Controller ID: 0x0
Vendor/Product ID: 0x0B05, 0x879E
        FF Driver: n/a

      Device Name: USB Receiver
         Attached: 1
    Controller ID: 0x0
Vendor/Product ID: 0x046D, 0xC547
        FF Driver: n/a

      Device Name: USB Receiver
         Attached: 1
    Controller ID: 0x0
Vendor/Product ID: 0x046D, 0xC547
        FF Driver: n/a

      Device Name: USB Receiver
         Attached: 1
    Controller ID: 0x0
Vendor/Product ID: 0x046D, 0xC547
        FF Driver: n/a

[2025-01-06 20:18:28.322] [DISPLAY] [DxDia] [diag] 

      Device Name: LogiG TKL MKeyboard
         Attached: 1
    Controller ID: 0x0
Vendor/Product ID: 0x046D, 0xC34A
        FF Driver: n/a

      Device Name: USB Receiver
         Attached: 1
    Controller ID: 0x0
Vendor/Product ID: 0x046D, 0xC547
        FF Driver: n/a

      Device Name: fifine Microphone
         Attached: 1
    Controller ID: 0x0
Vendor/Product ID: 0x3142, 0x0068
        FF Driver: n/a

Poll w/ Interrupt: No

-----------
USB Devices
-----------
+ USB Root Hub (USB 3.0)
| Vendor/Product ID: 0x1022, 0x15B7
| Matching Device ID: USB\ROOT_HUB30
| Service: USBHUB3
| Driver: USBHUB3.SYS, 11/14/2024 19:05:19, 730616 bytes
| 
+-+ USB Composite Device
| | Vendor/Product ID: 0x046D, 0xC34A
| | Location: Port_#0001.Hub_#0002
| | Matching Device ID: USB\COMPOSITE
| | Service: usbccgp
| | Driver: usbccgp.sys, 11/14/2024 19:05:19, 226784 bytes
| | 
| +-+ USB Input Device
| | | Vendor/Product ID: 0x046D, 0xC34A
| | | Location: 000c.0000.0004.001.000.000.000.000.000
| | | Matching Device ID: USB\Class_03&SubClass_01
| | | Service: HidUsb
| | | Driver: hidusb.sys, 9/15/2024 16:41:01, 77824 bytes
| | | Driver: hidclass.sys, 9/15/2024 16:41:01, 278528 bytes
| | | Driver: hidparse.sys, 9/15/2024 16:41:01, 90112 bytes
| | | 
| | +-+ HID Keyboard Device
| | | | Vendor/Product ID: 0x046D, 0xC34A
| | | | Matching Device ID: HID_DEVICE_SYSTEM_KEYBOARD
| | | | Service: kbdhid
| | | | Driver: kbdhid.sys, 11/14/2024 19:05:19, 73728 bytes
| | | | Driver: kbdclass.sys, 11/14/2024 19:05:19, 95728 bytes
| | | 
| +-+ USB Input Device
| | | Vendor/Product ID: 0x046D, 0xC34A
| | | Location: 000c.0000.0004.001.000.000.000.000.000
| | | Matching Device ID: USB\Class_03
| | | Service: HidUsb
| | | Driver: hidusb.sys, 9/15/2024 16:41:01, 77824 bytes
| | | Driver: hidclass.sys, 9/15/2024 16:41:01, 278528 bytes
| | | Driver: hidparse.sys, 9/15/2024 16:41:01, 90112 bytes
| | | 
| | +-+ HID Keyboard Device
| | | | Vendor/Product ID: 0x046D, 0xC34A
| | | | Matching Device ID: HID_DEVICE_SYSTEM_KEYBOARD
| | | | Service: kbdhid
| | | | Driver: kbdhid.sys, 11/14/2024 19:05:19, 73728 bytes
| | | | Driver: kbdclass.sys, 11/14/2024 19:05:19, 95728 bytes
| 
+ USB Root Hub (USB 3.0)
| Vendor/Product ID: 0x1022, 0x43F7
| Matching Device ID: USB\ROOT_HUB30
| Service: USBHUB3
| Driver: USBHUB3.SYS, 11/14/2024 19:05:19, 730616 bytes
| 
+-+ LIGHTSPEED Receiver
| | Vendor/Product ID: 0x046D, 0xC547
| | Location: Port_#0012.Hub_#0004
| | Matching Device ID: USB\VID_046D&PID_C547
| | Lower Filters: vhf, logi_lamparray
| | Service: usbccgp
| | Driver: logi_lamparray.sys, 10/23/2024 18:29:29, 89192 bytes
| | Driver: logi_lamparray_service.exe, 10/23/2024 18:29:29, 11177064 bytes
| | Driver: usbccgp.sys, 11/14/2024 19:05:19, 226784 bytes
| | 
| +-+ USB Input Device
| | | Vendor/Product ID: 0x046D, 0xC547
| | | Location: 000a.0000.0000.012.000.000.000.000.000
| | | Matching Device ID: USB\Class_03&SubClass_01
| | | Service: HidUsb
| | | Driver: hidusb.sys, 9/15/2024 16:41:01, 77824 bytes
| | | Driver: hidclass.sys, 9/15/2024 16:41:01, 278528 bytes
| | | Driver: hidparse.sys, 9/15/2024 16:41:01, 90112 bytes
| | | 
| | +-+ HID-compliant mouse
| | | | Vendor/Product ID: 0x046D, 0xC547
| | | | Matching Device ID: HID_DEVICE_SYSTEM_MOUSE
| | | | Service: mouhid
| | | | Driver: mouhid.sys, 5/6/2022 23:19:25, 69632 bytes
| | | | Driver: mouclass.sys, 5/6/2022 23:19:25, 95592 bytes
| | | 
| +-+ USB Input Device
| | | Vendor/Product ID: 0x046D, 0xC547
| | | Location: 000a.0000.0000.012.000.000.000.000.000
| | | Matching Device ID: USB\Class_03&SubClass_01
| | | Service: HidUsb
| | | Driver: hidusb.sys, 9/15/2024 16:41:01, 77824 bytes
| | | Driver: hidclass.sys, 9/15/2024 16:41:01, 278528 bytes
| | | Driver: hidparse.sys, 9/15/2024 16:41:01, 90112 bytes
| | | 
| | +-+ HID Keyboard Device
| | | | Vendor/Product ID: 0x046D, 0xC547
| | | | Matching Device ID: HID_DEVICE_SYSTEM_KEYBOARD
| | | | Service: kbdhid
[2025-01-06 20:18:28.322] [DISPLAY] [DxDia] [diag] 

| | | | Driver: kbdhid.sys, 11/14/2024 19:05:19, 73728 bytes
| | | | Driver: kbdclass.sys, 11/14/2024 19:05:19, 95728 bytes

----------------
Gameport Devices
----------------

------------
PS/2 Devices
------------
+ HID Keyboard Device
| Vendor/Product ID: 0x046D, 0xC232
| Matching Device ID: HID_DEVICE_SYSTEM_KEYBOARD
| Service: kbdhid
| Driver: kbdhid.sys, 11/14/2024 19:05:19, 73728 bytes
| Driver: kbdclass.sys, 11/14/2024 19:05:19, 95728 bytes

------------------------
Disk & DVD/CD-ROM Drives
------------------------
      Drive: C:
 Free Space: 521.9 GB
Total Space: 1906.8 GB
File System: NTFS
      Model: Samsung SSD 990 PRO 2TB

--------------
System Devices
--------------
     Name: PCI Express Root Port
Device ID: PCI\VEN_1022&DEV_14DB&SUBSYS_88771043&REV_00\3&11583659&0&11
   Driver: C:\Windows\system32\DRIVERS\pci.sys, 10.00.22621.4391 (English), 11/14/2024 19:05:01, 579040 bytes

     Name: PCI Express Root Port
Device ID: PCI\VEN_1022&DEV_14DB&SUBSYS_88771043&REV_00\3&11583659&0&0A
   Driver: C:\Windows\system32\DRIVERS\pci.sys, 10.00.22621.4391 (English), 11/14/2024 19:05:01, 579040 bytes

     Name: PCI Express Root Port
Device ID: PCI\VEN_1022&DEV_14DB&SUBSYS_88771043&REV_00\3&11583659&0&09
   Driver: C:\Windows\system32\DRIVERS\pci.sys, 10.00.22621.4391 (English), 11/14/2024 19:05:01, 579040 bytes

     Name: AMD USB 2.0 eXtensible Host Controller - 1.20 (Microsoft)
Device ID: PCI\VEN_1022&DEV_15B8&SUBSYS_88771043&REV_00\4&89701DF&0&0043
   Driver: C:\Windows\system32\DRIVERS\USBXHCI.SYS, 10.00.22621.4541 (English), 12/12/2024 23:27:43, 677296 bytes
   Driver: C:\Windows\system32\DRIVERS\UMDF\UsbXhciCompanion.dll, 10.00.22621.4541 (English), 12/12/2024 23:27:43, 170944 bytes

     Name: PCI standard host CPU bridge
Device ID: PCI\VEN_1022&DEV_14E7&SUBSYS_00000000&REV_00\3&11583659&0&C7
   Driver: n/a

     Name: NVIDIA GeForce RTX 4090
Device ID: PCI\VEN_10DE&DEV_2684&SUBSYS_88E61043&REV_A1\4&1BABDF5B&0&0009
   Driver: C:\Windows\System32\DriverStore\FileRepository\nv_dispi.inf_amd64_9425e4c3b1ac1c47\NVWMI\nvPerfProvider.man, 12/3/2024 19:11:53, 14175 bytes
   Driver: C:\Windows\System32\DriverStore\FileRepository\nv_dispi.inf_amd64_9425e4c3b1ac1c47\NVWMI\nvWmi.mof, 12/3/2024 19:11:53, 148921 bytes
   Driver: C:\Windows\System32\DriverStore\FileRepository\nv_dispi.inf_amd64_9425e4c3b1ac1c47\NVWMI\nvWmi64.exe, 2.36.0000.0000 (English), 12/4/2024 12:06:42, 4530832 bytes
   Driver: C:\Windows\System32\DriverStore\FileRepository\nv_dispi.inf_amd64_9425e4c3b1ac1c47\Display.NvContainer\NVDisplay.Container.exe, 1.39.3323.1171 (English), 12/4/2024 12:05:54, 1275568 bytes
   Driver: C:\Windows\System32\DriverStore\FileRepository\nv_dispi.inf_amd64_9425e4c3b1ac1c47\Display.NvContainer\NvContainerRecovery.bat, 12/3/2024 19:11:53, 1951 bytes
   Driver: C:\Windows\System32\DriverStore\FileRepository\nv_dispi.inf_amd64_9425e4c3b1ac1c47\Display.NvContainer\NvMessageBus.dll, 3.12.3354.5005 (English), 12/4/2024 12:05:56, 3493552 bytes
   Driver: C:\Windows\System32\DriverStore\FileRepository\nv_dispi.inf_amd64_9425e4c3b1ac1c47\Display.NvContainer\dlsargs.xml, 12/3/2024 19:11:53, 544 bytes
   Driver: C:\Windows\System32\DriverStore\FileRepository\nv_dispi.inf_amd64_9425e4c3b1ac1c47\Display.NvContainer\dlsnetparams.csv, 12/3/2024 19:11:53, 346987 bytes
   Driver: C:\Windows\System32\DriverStore\FileRepository\nv_dispi.inf_amd64_9425e4c3b1ac1c47\Display.NvContainer\messagebus_client.conf, 12/3/2024 19:11:53, 313 bytes
   Driver: C:\Windows\System32\DriverStore\FileRepository\nv_dispi.inf_amd64_9425e4c3b1ac1c47\Display.NvContainer\nvgwls.exe, 12/4/2024 12:05:56, 3726496 bytes
   Driver: C:\Windows\System32\DriverStore\FileRepository\nv_dispi.inf_amd64_9425e4c3b1ac1c47\Display.NvContainer\nvtopps.db3, 12/3/2024 19:11:53, 126976 bytes
   Driver: C:\Windows\System32\DriverStore\FileRepository\nv_dispi.inf_amd64_9425e4c3b1ac1c47\Display.NvContainer\plugins\LocalSystem\NvXDCore.dll, 32.00.0015.6636 (English), 12/4/2024 12:06:02, 1920672 bytes
[2025-01-06 20:18:28.322] [DISPLAY] [DxDia] [diag] 

   Driver: C:\Windows\System32\DriverStore\FileRepository\nv_dispi.inf_amd64_9425e4c3b1ac1c47\Display.NvContainer\plugins\LocalSystem\NvcDispCorePlugin.dll, 32.00.0015.6636 (English), 12/4/2024 12:05:58, 521376 bytes
   Driver: C:\Windows\System32\DriverStore\FileRepository\nv_dispi.inf_amd64_9425e4c3b1ac1c47\Display.NvContainer\plugins\LocalSystem\NvcDispWatchdog.dll, 1.39.3323.1171 (English), 12/4/2024 12:06:00, 760496 bytes
   Driver: C:\Windows\System32\DriverStore\FileRepository\nv_dispi.inf_amd64_9425e4c3b1ac1c47\Display.NvContainer\plugins\LocalSystem\_DisplayDriverRAS.dll, 1.10.0000.0000 (English), 12/4/2024 12:06:04, 2547872 bytes
   Driver: C:\Windows\System32\DriverStore\FileRepository\nv_dispi.inf_amd64_9425e4c3b1ac1c47\Display.NvContainer\plugins\LocalSystem\_NvMsgBusBroadcast.dll, 3.12.3354.5005 (English), 12/4/2024 12:06:06, 3491504 bytes
   Driver: C:\Windows\System32\DriverStore\FileRepository\nv_dispi.inf_amd64_9425e4c3b1ac1c47\Display.NvContainer\plugins\LocalSystem\_nvtopps.dll, 32.00.0015.6636 (English), 12/4/2024 12:06:06, 11885224 bytes
   Driver: C:\Windows\System32\DriverStore\FileRepository\nv_dispi.inf_amd64_9425e4c3b1ac1c47\Display.NvContainer\plugins\LocalSystem\messagebus.conf, 12/3/2024 19:11:53, 313 bytes
   Driver: C:\Windows\System32\DriverStore\FileRepository\nv_dispi.inf_amd64_9425e4c3b1ac1c47\Display.NvContainer\plugins\LocalSystem\wksServicePluginZ.dll, 32.00.0015.6636 (English), 12/4/2024 12:06:02, 280224 bytes
   Driver: C:\Windows\System32\DriverStore\FileRepository\nv_dispi.inf_amd64_9425e4c3b1ac1c47\Display.NvContainer\plugins\Session\_NvGSTPlugin.dll, 32.00.0015.6636 (English), 12/4/2024 12:06:12, 2653872 bytes
   Driver: C:\Windows\System32\DriverStore\FileRepository\nv_dispi.inf_amd64_9425e4c3b1ac1c47\Display.NvContainer\plugins\Session\nvprofileupdaterplugin.dll, 32.00.0015.6636 (English), 12/4/2024 12:06:08, 1977520 bytes
   Driver: C:\Windows\System32\DriverStore\FileRepository\nv_dispi.inf_amd64_9425e4c3b1ac1c47\Display.NvContainer\plugins\Session\nvxdsyncplugin.dll, 8.17.0015.6636 (English), 12/4/2024 12:06:10, 1839272 bytes
   Driver: C:\Windows\System32\DriverStore\FileRepository\nv_dispi.inf_amd64_9425e4c3b1ac1c47\Display.NvContainer\plugins\Session\wksServicePlugin.dll, 32.00.0015.6636 (English), 12/4/2024 12:06:10, 314016 bytes
   Driver: C:\Windows\system32\DRIVERS\NVIDIA Corporation\Drs\dbInstaller.exe, 32.00.0015.6636 (English), 12/4/2024 11:58:50, 822944 bytes
   Driver: C:\Windows\system32\DRIVERS\NVIDIA Corporation\Drs\nvdrsdb.bin, 12/3/2024 19:11:53, 2001364 bytes
   Driver: C:\Windows\system32\nvcpl.dll, 8.17.0015.6636 (English), 12/4/2024 11:59:22, 5909664 bytes
   Driver: C:\Windows\System32\DriverStore\FileRepository\nv_dispi.inf_amd64_9425e4c3b1ac1c47\nv3dappshext.dll, 6.14.0015.6636 (English), 12/4/2024 11:59:08, 1004704 bytes
   Driver: C:\Windows\System32\DriverStore\FileRepository\nv_dispi.inf_amd64_9425e4c3b1ac1c47\nv3dappshextr.dll, 6.14.0015.6636 (English), 12/4/2024 11:59:10, 98480 bytes
   Driver: C:\Windows\System32\DriverStore\FileRepository\nv_dispi.inf_amd64_9425e4c3b1ac1c47\nvcoproc.bin, 12/3/2024 19:11:53, 11772832 bytes
   Driver: C:\Windows\System32\DriverStore\FileRepository\nv_dispi.inf_amd64_9425e4c3b1ac1c47\nvcpl.dll, 8.17.0015.6636 (English), 12/4/2024 11:59:22, 5909664 bytes
   Driver: C:\Windows\System32\DriverStore\FileRepository\nv_dispi.inf_amd64_9425e4c3b1ac1c47\nvdevtools.dll, 32.00.0015.6636 (English), 12/4/2024 12:00:12, 4594336 bytes
   Driver: C:\Windows\System32\DriverStore\FileRepository\nv_dispi.inf_amd64_9425e4c3b1ac1c47\nvdevtoolsr.dll, 32.00.0015.6636 (English), 12/4/2024 12:00:16, 245904 bytes
   Driver: C:\Windows\System32\DriverStore\FileRepository\nv_dispi.inf_amd64_9425e4c3b1ac1c47\nvdisps.dll, 32.00.0015.6636 (English), 12/4/2024 12:00:18, 11659944 bytes
   Driver: C:\Windows\System32\DriverStore\FileRepository\nv_dispi.inf_amd64_9425e4c3b1ac1c47\nvdispsr.dll, 32.00.0015.6636 (English), 12/4/2024 12:00:20, 11575456 bytes
[2025-01-06 20:18:28.322] [DISPLAY] [DxDia] [diag] 

   Driver: C:\Windows\System32\DriverStore\FileRepository\nv_dispi.inf_amd64_9425e4c3b1ac1c47\nvgames.dll, 32.00.0015.6636 (English), 12/4/2024 12:00:52, 12504232 bytes
   Driver: C:\Windows\System32\DriverStore\FileRepository\nv_dispi.inf_amd64_9425e4c3b1ac1c47\nvgamesr.dll, 32.00.0015.6636 (English), 12/4/2024 12:00:54, 13321352 bytes
   Driver: C:\Windows\System32\DriverStore\FileRepository\nv_dispi.inf_amd64_9425e4c3b1ac1c47\nvlicensings.dll, 6.14.0015.6636 (English), 12/4/2024 12:01:52, 4576432 bytes
   Driver: C:\Windows\System32\DriverStore\FileRepository\nv_dispi.inf_amd64_9425e4c3b1ac1c47\nvlicensingsr.dll, 6.14.0015.6636 (English), 12/4/2024 12:01:56, 363168 bytes
   Driver: C:\Windows\System32\DriverStore\FileRepository\nv_dispi.inf_amd64_9425e4c3b1ac1c47\nvshext.dll, 1.02.0000.0001 (English), 12/4/2024 12:04:02, 133776 bytes
   Driver: C:\Windows\System32\DriverStore\FileRepository\nv_dispi.inf_amd64_9425e4c3b1ac1c47\nvsmartmax.dll, 6.14.0010.10003 (English), 12/4/2024 12:04:04, 199856 bytes
   Driver: C:\Windows\System32\DriverStore\FileRepository\nv_dispi.inf_amd64_9425e4c3b1ac1c47\nvsmartmax64.dll, 6.14.0010.10003 (English), 12/4/2024 12:04:04, 236704 bytes
   Driver: C:\Windows\System32\DriverStore\FileRepository\nv_dispi.inf_amd64_9425e4c3b1ac1c47\nvsmartmaxapp.exe, 6.14.0010.10003 (English), 12/4/2024 12:04:06, 274608 bytes
   Driver: C:\Windows\System32\DriverStore\FileRepository\nv_dispi.inf_amd64_9425e4c3b1ac1c47\nvsmartmaxapp64.exe, 6.14.0010.10003 (English), 12/4/2024 12:04:08, 285360 bytes
   Driver: C:\Windows\System32\DriverStore\FileRepository\nv_dispi.inf_amd64_9425e4c3b1ac1c47\nvsvc64.dll, 32.00.0015.6636 (English), 12/4/2024 12:04:10, 2671280 bytes
   Driver: C:\Windows\System32\DriverStore\FileRepository\nv_dispi.inf_amd64_9425e4c3b1ac1c47\nvsvcr.dll, 32.00.0015.6636 (English), 12/4/2024 12:04:12, 1801376 bytes
   Driver: C:\Windows\System32\DriverStore\FileRepository\nv_dispi.inf_amd64_9425e4c3b1ac1c47\nvsvs.dll, 32.00.0015.6636 (English), 12/4/2024 12:04:14, 5103280 bytes
   Driver: C:\Windows\System32\DriverStore\FileRepository\nv_dispi.inf_amd64_9425e4c3b1ac1c47\nvsvsr.dll, 32.00.0015.6636 (English), 12/4/2024 12:04:16, 2012336 bytes
   Driver: C:\Windows\System32\DriverStore\FileRepository\nv_dispi.inf_amd64_9425e4c3b1ac1c47\nvui.dll, 8.17.0015.6636 (English), 12/4/2024 12:04:20, 6654112 bytes
   Driver: C:\Windows\System32\DriverStore\FileRepository\nv_dispi.inf_amd64_9425e4c3b1ac1c47\nvuir.dll, 8.17.0015.6636 (English), 12/4/2024 12:04:22, 2650280 bytes
   Driver: C:\Windows\System32\DriverStore\FileRepository\nv_dispi.inf_amd64_9425e4c3b1ac1c47\nvvitvs.dll, 32.00.0015.6636 (English), 12/4/2024 12:04:30, 7464624 bytes
   Driver: C:\Windows\System32\DriverStore\FileRepository\nv_dispi.inf_amd64_9425e4c3b1ac1c47\nvvitvsr.dll, 32.00.0015.6636 (English), 12/4/2024 12:04:32, 4263584 bytes
   Driver: C:\Windows\System32\DriverStore\FileRepository\nv_dispi.inf_amd64_9425e4c3b1ac1c47\nvwss.dll, 32.00.0015.6636 (English), 12/4/2024 12:05:14, 12272304 bytes
   Driver: C:\Windows\System32\DriverStore\FileRepository\nv_dispi.inf_amd64_9425e4c3b1ac1c47\nvwssr.dll, 32.00.0015.6636 (English), 12/4/2024 12:05:16, 9529504 bytes
   Driver: C:\Windows\System32\DriverStore\FileRepository\nv_dispi.inf_amd64_9425e4c3b1ac1c47\nvxdapix.dll, 8.17.0015.6636 (English), 12/4/2024 12:05:20, 9550496 bytes
   Driver: C:\Windows\System32\DriverStore\FileRepository\nv_dispi.inf_amd64_9425e4c3b1ac1c47\nvxdbat.dll, 8.17.0015.6636 (English), 12/4/2024 12:05:24, 1651888 bytes
   Driver: C:\Windows\System32\DriverStore\FileRepository\nv_dispi.inf_amd64_9425e4c3b1ac1c47\nvxdplcy.dll, 8.17.0015.6636 (English), 12/4/2024 12:05:26, 1893544 bytes
   Driver: C:\Windows\system32\lxss\lib\libcuda.so, 12/3/2024 19:11:53, 162664 bytes
   Driver: C:\Windows\system32\lxss\lib\libcuda.so.1, 12/3/2024 19:11:53, 162664 bytes
   Driver: C:\Windows\system32\lxss\lib\libcuda.so.1.1, 12/3/2024 19:11:53, 162664 bytes
   Driver: C:\Windows\system32\lxss\lib\libcudadebugger.so.1, 12/3/2024 19:11:53, 10362952 bytes
[2025-01-06 20:18:28.322] [DISPLAY] [DxDia] [diag] 

   Driver: C:\Windows\system32\lxss\lib\libnvcuvid.so, 12/3/2024 19:11:53, 15601040 bytes
   Driver: C:\Windows\system32\lxss\lib\libnvcuvid.so.1, 12/3/2024 19:11:53, 15601040 bytes
   Driver: C:\Windows\system32\lxss\lib\libnvdxdlkernels.so, 12/3/2024 19:11:53, 133120256 bytes
   Driver: C:\Windows\system32\lxss\lib\libnvidia-encode.so, 12/3/2024 19:11:53, 608872 bytes
   Driver: C:\Windows\system32\lxss\lib\libnvidia-encode.so.1, 12/3/2024 19:11:53, 608872 bytes
   Driver: C:\Windows\system32\lxss\lib\libnvidia-ml.so.1, 12/3/2024 19:11:53, 249904 bytes
   Driver: C:\Windows\system32\lxss\lib\libnvidia-opticalflow.so, 12/3/2024 19:11:53, 387536 bytes
   Driver: C:\Windows\system32\lxss\lib\libnvidia-opticalflow.so.1, 12/3/2024 19:11:53, 387536 bytes
   Driver: C:\Windows\system32\lxss\lib\libnvoptix.so.1, 12/3/2024 19:11:53, 72664 bytes
   Driver: C:\Windows\system32\lxss\lib\libnvwgf2umx.so, 12/3/2024 19:11:53, 81114696 bytes
   Driver: C:\Windows\system32\lxss\lib\nvidia-smi, 12/3/2024 19:11:53, 738304 bytes
   Driver: C:\Windows\system32\DRIVERS\NVIDIA Corporation\license.txt, 7/10/2024 16:29:04, 42602 bytes
   Driver: C:\Windows\System32\DriverStore\FileRepository\nv_dispi.inf_amd64_9425e4c3b1ac1c47\_nvngx.dll, 32.00.0015.6636 (English), 12/4/2024 12:05:50, 1564808 bytes
   Driver: C:\Windows\System32\DriverStore\FileRepository\nv_dispi.inf_amd64_9425e4c3b1ac1c47\cudnn_infer64_7.dll, 12/4/2024 11:58:44, 22774360 bytes
   Driver: C:\Windows\System32\DriverStore\FileRepository\nv_dispi.inf_amd64_9425e4c3b1ac1c47\nvngx.dll, 30.00.0014.9516 (English), 12/4/2024 12:02:04, 488816 bytes
   Driver: C:\Windows\System32\DriverStore\FileRepository\nv_dispi.inf_amd64_9425e4c3b1ac1c47\nvngx_dlss.dll, 3.08.0010.0000 (English), 12/4/2024 12:02:06, 24935144 bytes
   Driver: C:\Windows\System32\DriverStore\FileRepository\nv_dispi.inf_amd64_9425e4c3b1ac1c47\nvngx_update.exe, 32.00.0015.6636 (English), 12/4/2024 12:02:14, 1157792 bytes
   Driver: C:\Windows\System32\DriverStore\FileRepository\nv_dispi.inf_amd64_9425e4c3b1ac1c47\NvCamera\FreqTransfer32.exe, 12/4/2024 12:06:16, 3764384 bytes
   Driver: C:\Windows\System32\DriverStore\FileRepository\nv_dispi.inf_amd64_9425e4c3b1ac1c47\NvCamera\FreqTransfer64.exe, 12/4/2024 12:06:18, 4057776 bytes
   Driver: C:\Windows\System32\DriverStore\FileRepository\nv_dispi.inf_amd64_9425e4c3b1ac1c47\NvCamera\GreenScreenBG01.jpg, 12/3/2024 19:11:53, 281528 bytes
   Driver: C:\Windows\System32\DriverStore\FileRepository\nv_dispi.inf_amd64_9425e4c3b1ac1c47\NvCamera\GreenScreenBG02.jpg, 12/3/2024 19:11:53, 499736 bytes
   Driver: C:\Windows\System32\DriverStore\FileRepository\nv_dispi.inf_amd64_9425e4c3b1ac1c47\NvCamera\HighresBlender32.exe, 12/4/2024 12:06:20, 3860640 bytes
   Driver: C:\Windows\System32\DriverStore\FileRepository\nv_dispi.inf_amd64_9425e4c3b1ac1c47\NvCamera\HighresBlender64.exe, 12/4/2024 12:06:20, 4163232 bytes
   Driver: C:\Windows\System32\DriverStore\FileRepository\nv_dispi.inf_amd64_9425e4c3b1ac1c47\NvCamera\NvCamera32.dll, 7.01.0000.0000 (English), 12/4/2024 12:06:22, 8196952 bytes
   Driver: C:\Windows\System32\DriverStore\FileRepository\nv_dispi.inf_amd64_9425e4c3b1ac1c47\NvCamera\NvCamera64.dll, 7.01.0000.0000 (English), 12/4/2024 12:06:24, 8706856 bytes
   Driver: C:\Windows\System32\DriverStore\FileRepository\nv_dispi.inf_amd64_9425e4c3b1ac1c47\NvCamera\NvCameraAllowlisting32.dll, 7.01.0000.0000 (English), 12/4/2024 12:06:26, 532232 bytes
   Driver: C:\Windows\System32\DriverStore\FileRepository\nv_dispi.inf_amd64_9425e4c3b1ac1c47\NvCamera\NvCameraAllowlisting64.dll, 7.01.0000.0000 (English), 12/4/2024 12:06:28, 677960 bytes
   Driver: C:\Windows\System32\DriverStore\FileRepository\nv_dispi.inf_amd64_9425e4c3b1ac1c47\NvCamera\NvCameraEnable.exe, 12/4/2024 12:06:30, 375440 bytes
   Driver: C:\Windows\System32\DriverStore\FileRepository\nv_dispi.inf_amd64_9425e4c3b1ac1c47\NvCamera\NvImageConvert32.exe, 12/4/2024 12:06:32, 3764368 bytes
[2025-01-06 20:18:28.322] [DISPLAY] [DxDia] [diag] 

   Driver: C:\Windows\System32\DriverStore\FileRepository\nv_dispi.inf_amd64_9425e4c3b1ac1c47\NvCamera\NvImageConvert64.exe, 12/4/2024 12:06:32, 4038312 bytes
   Driver: C:\Windows\System32\DriverStore\FileRepository\nv_dispi.inf_amd64_9425e4c3b1ac1c47\NvCamera\ReShadeFXC32.exe, 2.00.0000.0000 (English), 12/4/2024 12:06:34, 776864 bytes
   Driver: C:\Windows\System32\DriverStore\FileRepository\nv_dispi.inf_amd64_9425e4c3b1ac1c47\NvCamera\ReShadeFXC64.exe, 2.00.0000.0000 (English), 12/4/2024 12:06:36, 892048 bytes
   Driver: C:\Windows\System32\DriverStore\FileRepository\nv_dispi.inf_amd64_9425e4c3b1ac1c47\NvCamera\ShotWithGeforce518x32.rgba, 12/3/2024 19:11:53, 66304 bytes
   Driver: C:\Windows\System32\DriverStore\FileRepository\nv_dispi.inf_amd64_9425e4c3b1ac1c47\NvCamera\SphericalEquirect32.exe, 12/4/2024 12:06:38, 3716744 bytes
   Driver: C:\Windows\System32\DriverStore\FileRepository\nv_dispi.inf_amd64_9425e4c3b1ac1c47\NvCamera\SphericalEquirect64.exe, 12/4/2024 12:06:40, 3941000 bytes
   Driver: C:\Windows\System32\DriverStore\FileRepository\nv_dispi.inf_amd64_9425e4c3b1ac1c47\NvCamera\Sticker01.png, 12/3/2024 19:11:53, 49695 bytes
   Driver: C:\Windows\System32\DriverStore\FileRepository\nv_dispi.inf_amd64_9425e4c3b1ac1c47\NvCamera\Sticker02.png, 12/3/2024 19:11:53, 474002 bytes
   Driver: C:\Windows\System32\DriverStore\FileRepository\nv_dispi.inf_amd64_9425e4c3b1ac1c47\NvCamera\Sticker03.png, 12/3/2024 19:11:53, 380006 bytes
   Driver: C:\Windows\System32\DriverStore\FileRepository\nv_dispi.inf_amd64_9425e4c3b1ac1c47\NvCamera\Sticker04.png, 12/3/2024 19:11:53, 86881 bytes
   Driver: C:\Windows\System32\DriverStore\FileRepository\nv_dispi.inf_amd64_9425e4c3b1ac1c47\NvCamera\Sticker05.png, 12/3/2024 19:11:53, 59304 bytes
   Driver: C:\Windows\System32\DriverStore\FileRepository\nv_dispi.inf_amd64_9425e4c3b1ac1c47\NvCamera\Sticker06.png, 12/3/2024 19:11:53, 13547 bytes
   Driver: C:\Windows\System32\DriverStore\FileRepository\nv_dispi.inf_amd64_9425e4c3b1ac1c47\NvCamera\Sticker07.png, 12/3/2024 19:11:53, 6342 bytes
   Driver: C:\Windows\System32\DriverStore\FileRepository\nv_dispi.inf_amd64_9425e4c3b1ac1c47\NvCamera\Sticker08.png, 12/3/2024 19:11:53, 96493 bytes
   Driver: C:\Windows\System32\DriverStore\FileRepository\nv_dispi.inf_amd64_9425e4c3b1ac1c47\NvCamera\d3dcompiler_47_32.dll, 6.03.9600.16384 (English), 12/4/2024 12:06:14, 3471536 bytes
   Driver: C:\Windows\System32\DriverStore\FileRepository\nv_dispi.inf_amd64_9425e4c3b1ac1c47\NvCamera\d3dcompiler_47_64.dll, 6.03.9600.16384 (English), 12/4/2024 12:06:16, 4178080 bytes
   Driver: C:\Windows\System32\DriverStore\FileRepository\nv_dispi.inf_amd64_9425e4c3b1ac1c47\NvCamera\scratches.jpg, 12/3/2024 19:11:53, 346354 bytes
   Driver: C:\Windows\System32\DriverStore\FileRepository\nv_dispi.inf_amd64_9425e4c3b1ac1c47\NvCamera\tools_licenses.txt, 12/3/2024 19:11:53, 15970 bytes
   Driver: C:\Windows\System32\DriverStore\FileRepository\nv_dispi.inf_amd64_9425e4c3b1ac1c47\NvCamera\ui.tga, 12/3/2024 19:11:53, 120236 bytes
   Driver: C:\Windows\system32\MCU.exe, 1.01.5204.20580 (English), 12/4/2024 11:59:06, 853680 bytes
   Driver: C:\Windows\system32\nvdebugdump.exe, 6.14.0015.6636 (English), 12/4/2024 12:00:06, 462480 bytes
   Driver: C:\Windows\system32\nvidia-smi.exe, 8.17.0015.6636 (English), 12/4/2024 12:01:14, 863888 bytes
   Driver: C:\Windows\System32\DriverStore\FileRepository\nv_dispi.inf_amd64_9425e4c3b1ac1c47\nvopencl32.dll, 32.00.0015.6636 (English), 12/4/2024 12:02:38, 29919888 bytes
   Driver: C:\Windows\System32\DriverStore\FileRepository\nv_dispi.inf_amd64_9425e4c3b1ac1c47\nvopencl64.dll, 32.00.0015.6636 (English), 12/4/2024 12:02:48, 25166472 bytes
   Driver: C:\Windows\System32\DriverStore\FileRepository\nv_dispi.inf_amd64_9425e4c3b1ac1c47\nvlddmkm.sys, 32.00.0015.6636 (English), 12/4/2024 12:01:38, 76292784 bytes
   Driver: C:\Windows\System32\DriverStore\FileRepository\nv_dispi.inf_amd64_9425e4c3b1ac1c47\nvvm32.dll, 32.00.0015.6636 (English), 12/4/2024 12:04:40, 60498600 bytes
[2025-01-06 20:18:28.322] [DISPLAY] [DxDia] [diag] 

   Driver: C:\Windows\System32\DriverStore\FileRepository\nv_dispi.inf_amd64_9425e4c3b1ac1c47\nvvm64.dll, 32.00.0015.6636 (English), 12/4/2024 12:04:56, 68411016 bytes
   Driver: C:\Windows\System32\DriverStore\FileRepository\nv_dispi.inf_amd64_9425e4c3b1ac1c47\NvMemMapStorage.dll, 12/4/2024 12:01:58, 432288 bytes
   Driver: C:\Windows\System32\DriverStore\FileRepository\nv_dispi.inf_amd64_9425e4c3b1ac1c47\NvMemMapStoragex.dll, 12/4/2024 12:02:00, 564904 bytes
   Driver: C:\Windows\System32\DriverStore\FileRepository\nv_dispi.inf_amd64_9425e4c3b1ac1c47\gsp_ga10x.bin, 12/3/2024 19:11:53, 46937648 bytes
   Driver: C:\Windows\System32\DriverStore\FileRepository\nv_dispi.inf_amd64_9425e4c3b1ac1c47\gsp_tu10x.bin, 12/3/2024 19:11:53, 27251688 bytes
   Driver: C:\Windows\System32\DriverStore\FileRepository\nv_dispi.inf_amd64_9425e4c3b1ac1c47\libcuda.so.1.1, 12/3/2024 19:11:53, 19399272 bytes
   Driver: C:\Windows\System32\DriverStore\FileRepository\nv_dispi.inf_amd64_9425e4c3b1ac1c47\libcuda_loader.so, 12/3/2024 19:11:53, 162664 bytes
   Driver: C:\Windows\System32\DriverStore\FileRepository\nv_dispi.inf_amd64_9425e4c3b1ac1c47\libcudadebugger.so.1, 12/3/2024 19:11:53, 10362952 bytes
   Driver: C:\Windows\System32\DriverStore\FileRepository\nv_dispi.inf_amd64_9425e4c3b1ac1c47\libnvcuvid.so.1, 12/3/2024 19:11:53, 15601040 bytes
   Driver: C:\Windows\System32\DriverStore\FileRepository\nv_dispi.inf_amd64_9425e4c3b1ac1c47\libnvdxdlkernels.so, 12/3/2024 19:11:53, 133120256 bytes
   Driver: C:\Windows\System32\DriverStore\FileRepository\nv_dispi.inf_amd64_9425e4c3b1ac1c47\libnvdxgdmal.so.1, 12/3/2024 19:11:53, 55296 bytes
   Driver: C:\Windows\System32\DriverStore\FileRepository\nv_dispi.inf_amd64_9425e4c3b1ac1c47\libnvidia-encode.so.1, 12/3/2024 19:11:53, 608872 bytes
   Driver: C:\Windows\System32\DriverStore\FileRepository\nv_dispi.inf_amd64_9425e4c3b1ac1c47\libnvidia-ml.so.1, 12/3/2024 19:11:53, 1791912 bytes
   Driver: C:\Windows\System32\DriverStore\FileRepository\nv_dispi.inf_amd64_9425e4c3b1ac1c47\libnvidia-ml_loader.so, 12/3/2024 19:11:53, 249904 bytes
   Driver: C:\Windows\System32\DriverStore\FileRepository\nv_dispi.inf_amd64_9425e4c3b1ac1c47\libnvidia-nvvm.so.4, 12/3/2024 19:11:53, 24732240 bytes
   Driver: C:\Windows\System32\DriverStore\FileRepository\nv_dispi.inf_amd64_9425e4c3b1ac1c47\libnvidia-opticalflow.so.1, 12/3/2024 19:11:53, 387536 bytes
   Driver: C:\Windows\System32\DriverStore\FileRepository\nv_dispi.inf_amd64_9425e4c3b1ac1c47\libnvidia-ptxjitcompiler.so.1, 12/3/2024 19:11:53, 36522648 bytes
   Driver: C:\Windows\System32\DriverStore\FileRepository\nv_dispi.inf_amd64_9425e4c3b1ac1c47\libnvoptix_loader.so.1, 12/3/2024 19:11:53, 72664 bytes
   Driver: C:\Windows\System32\DriverStore\FileRepository\nv_dispi.inf_amd64_9425e4c3b1ac1c47\libnvwgf2umx.so, 12/3/2024 19:11:53, 81114696 bytes
   Driver: C:\Windows\System32\DriverStore\FileRepository\nv_dispi.inf_amd64_9425e4c3b1ac1c47\nv-vk64.json, 12/3/2024 19:11:53, 674 bytes
   Driver: C:\Windows\System32\DriverStore\FileRepository\nv_dispi.inf_amd64_9425e4c3b1ac1c47\nv-vksc64.json, 12/3/2024 19:11:53, 672 bytes
   Driver: C:\Windows\System32\DriverStore\FileRepository\nv_dispi.inf_amd64_9425e4c3b1ac1c47\nvAIDVC.dll, 32.00.0015.6636 (English), 12/4/2024 11:59:10, 2555048 bytes
   Driver: C:\Windows\System32\DriverStore\FileRepository\nv_dispi.inf_amd64_9425e4c3b1ac1c47\nvAIDVCx.dll, 32.00.0015.6636 (English), 12/4/2024 11:59:14, 2674336 bytes
   Driver: C:\Windows\System32\DriverStore\FileRepository\nv_dispi.inf_amd64_9425e4c3b1ac1c47\nvAIHDR.dll, 32.00.0015.6636 (English), 12/4/2024 11:59:16, 2854568 bytes
   Driver: C:\Windows\System32\DriverStore\FileRepository\nv_dispi.inf_amd64_9425e4c3b1ac1c47\nvAIHDRx.dll, 32.00.0015.6636 (English), 12/4/2024 11:59:18, 2982544 bytes
   Driver: C:\Windows\System32\DriverStore\FileRepository\nv_dispi.inf_amd64_9425e4c3b1ac1c47\nvDecMFTMjpeg.dll, 32.00.0015.6636 (English), 12/4/2024 12:00:08, 509584 bytes
[2025-01-06 20:18:28.322] [DISPLAY] [DxDia] [diag] 

   Driver: C:\Windows\System32\DriverStore\FileRepository\nv_dispi.inf_amd64_9425e4c3b1ac1c47\nvDecMFTMjpegx.dll, 32.00.0015.6636 (English), 12/4/2024 12:00:10, 660144 bytes
   Driver: C:\Windows\System32\DriverStore\FileRepository\nv_dispi.inf_amd64_9425e4c3b1ac1c47\nvEncMFTH264.dll, 32.00.0015.6636 (English), 12/4/2024 12:00:36, 916624 bytes
   Driver: C:\Windows\System32\DriverStore\FileRepository\nv_dispi.inf_amd64_9425e4c3b1ac1c47\nvEncMFTH264x.dll, 32.00.0015.6636 (English), 12/4/2024 12:00:38, 1167520 bytes
   Driver: C:\Windows\System32\DriverStore\FileRepository\nv_dispi.inf_amd64_9425e4c3b1ac1c47\nvEncMFTav1.dll, 32.00.0015.6636 (English), 12/4/2024 12:00:32, 907936 bytes
   Driver: C:\Windows\System32\DriverStore\FileRepository\nv_dispi.inf_amd64_9425e4c3b1ac1c47\nvEncMFTav1x.dll, 32.00.0015.6636 (English), 12/4/2024 12:00:34, 1158800 bytes
   Driver: C:\Windows\System32\DriverStore\FileRepository\nv_dispi.inf_amd64_9425e4c3b1ac1c47\nvEncMFThevc.dll, 32.00.0015.6636 (English), 12/4/2024 12:00:40, 923296 bytes
   Driver: C:\Windows\System32\DriverStore\FileRepository\nv_dispi.inf_amd64_9425e4c3b1ac1c47\nvEncMFThevcx.dll, 32.00.0015.6636 (English), 12/4/2024 12:00:42, 1178784 bytes
   Driver: C:\Windows\System32\DriverStore\FileRepository\nv_dispi.inf_amd64_9425e4c3b1ac1c47\nvcubins.bin, 12/3/2024 19:11:53, 37914128 bytes
   Driver: C:\Windows\System32\DriverStore\FileRepository\nv_dispi.inf_amd64_9425e4c3b1ac1c47\nvcuda32.dll, 32.00.0015.6636 (English), 12/4/2024 11:59:28, 34194072 bytes
   Driver: C:\Windows\System32\DriverStore\FileRepository\nv_dispi.inf_amd64_9425e4c3b1ac1c47\nvcuda64.dll, 32.00.0015.6636 (English), 12/4/2024 11:59:38, 24361096 bytes
   Driver: C:\Windows\System32\DriverStore\FileRepository\nv_dispi.inf_amd64_9425e4c3b1ac1c47\nvd3dumx.dll, 32.00.0015.6636 (English), 12/4/2024 11:58:16, 31099776 bytes
   Driver: C:\Windows\System32\DriverStore\FileRepository\nv_dispi.inf_amd64_9425e4c3b1ac1c47\nvdlistx.dll, 32.00.0015.6636 (English), 12/4/2024 11:58:24, 241328 bytes
   Driver: C:\Windows\System32\DriverStore\FileRepository\nv_dispi.inf_amd64_9425e4c3b1ac1c47\nvdlppx.dll, 32.00.0015.6636 (English), 12/4/2024 11:58:24, 13421048 bytes
   Driver: C:\Windows\System32\DriverStore\FileRepository\nv_dispi.inf_amd64_9425e4c3b1ac1c47\nvdxdlkernels.dll, 32.00.0015.6636 (English), 12/4/2024 12:00:28, 137196680 bytes
   Driver: C:\Windows\System32\DriverStore\FileRepository\nv_dispi.inf_amd64_9425e4c3b1ac1c47\nvdxgdmal32.dll, 12/4/2024 12:00:28, 471200 bytes
   Driver: C:\Windows\System32\DriverStore\FileRepository\nv_dispi.inf_amd64_9425e4c3b1ac1c47\nvdxgdmal64.dll, 12/4/2024 12:00:30, 601248 bytes
   Driver: C:\Windows\System32\DriverStore\FileRepository\nv_dispi.inf_amd64_9425e4c3b1ac1c47\nvgpucomp32.dll, 32.00.0015.6636 (English), 12/4/2024 11:58:28, 38665056 bytes
   Driver: C:\Windows\System32\DriverStore\FileRepository\nv_dispi.inf_amd64_9425e4c3b1ac1c47\nvgpucomp64.dll, 32.00.0015.6636 (English), 12/4/2024 11:58:38, 47406720 bytes
   Driver: C:\Windows\System32\DriverStore\FileRepository\nv_dispi.inf_amd64_9425e4c3b1ac1c47\nvidia-smi, 12/3/2024 19:11:53, 738304 bytes
   Driver: C:\Windows\System32\DriverStore\FileRepository\nv_dispi.inf_amd64_9425e4c3b1ac1c47\nvldumdx.dll, 32.00.0015.6636 (English), 12/4/2024 11:58:46, 814784 bytes
   Driver: C:\Windows\System32\DriverStore\FileRepository\nv_dispi.inf_amd64_9425e4c3b1ac1c47\nvml.dll, 8.17.0015.6636 (English), 12/4/2024 12:02:02, 1688736 bytes
   Driver: C:\Windows\System32\DriverStore\FileRepository\nv_dispi.inf_amd64_9425e4c3b1ac1c47\nvoglv64.dll, 32.00.0015.6636 (English), 12/4/2024 12:02:28, 39466128 bytes
   Driver: C:\Windows\System32\DriverStore\FileRepository\nv_dispi.inf_amd64_9425e4c3b1ac1c47\nvoptix.bin, 12/3/2024 19:11:53, 96596180 bytes
   Driver: C:\Windows\System32\DriverStore\FileRepository\nv_dispi.inf_amd64_9425e4c3b1ac1c47\nvoptix.dll, 8.01.0000.0000 (English), 12/4/2024 12:02:58, 90545304 bytes
[2025-01-06 20:18:28.322] [DISPLAY] [DxDia] [diag] 

   Driver: C:\Windows\System32\DriverStore\FileRepository\nv_dispi.inf_amd64_9425e4c3b1ac1c47\nvppe.dll, 32.00.0015.6636 (English), 12/4/2024 11:58:48, 931600 bytes
   Driver: C:\Windows\System32\DriverStore\FileRepository\nv_dispi.inf_amd64_9425e4c3b1ac1c47\nvppex.dll, 32.00.0015.6636 (English), 12/4/2024 11:58:48, 1417408 bytes
   Driver: C:\Windows\System32\DriverStore\FileRepository\nv_dispi.inf_amd64_9425e4c3b1ac1c47\nvptxJitCompiler32.dll, 32.00.0015.6636 (English), 12/4/2024 12:03:24, 20664496 bytes
   Driver: C:\Windows\System32\DriverStore\FileRepository\nv_dispi.inf_amd64_9425e4c3b1ac1c47\nvptxJitCompiler64.dll, 32.00.0015.6636 (English), 12/4/2024 12:03:30, 24038576 bytes
   Driver: C:\Windows\System32\DriverStore\FileRepository\nv_dispi.inf_amd64_9425e4c3b1ac1c47\nvrtum64.dll, 32.00.0015.6636 (English), 12/4/2024 12:03:40, 78463648 bytes
   Driver: C:\Windows\System32\DriverStore\FileRepository\nv_dispi.inf_amd64_9425e4c3b1ac1c47\nvvkscv64.dll, 32.00.0015.6636 (English), 12/4/2024 12:04:36, 11232928 bytes
   Driver: C:\Windows\System32\DriverStore\FileRepository\nv_dispi.inf_amd64_9425e4c3b1ac1c47\nvwgf2umx.dll, 32.00.0015.6636 (English), 12/4/2024 11:59:04, 72279984 bytes
   Driver: C:\Windows\system32\NvFBC64.dll, 6.14.0015.6636 (English), 12/4/2024 12:00:50, 2185360 bytes
   Driver: C:\Windows\system32\NvIFR64.dll, 6.14.0015.6636 (English), 12/4/2024 12:01:34, 1554608 bytes
   Driver: C:\Windows\system32\OpenCL.dll, 3.00.0006.0000 (English), 12/4/2024 12:05:34, 478384 bytes
   Driver: C:\Windows\system32\nvEncodeAPI64.dll, 32.00.0015.6636 (English), 12/4/2024 12:00:46, 1042072 bytes
   Driver: C:\Windows\system32\nvapi64.dll, 32.00.0015.6636 (English), 12/4/2024 11:58:06, 7158560 bytes
   Driver: C:\Windows\system32\nvcuda.dll, 32.00.0015.6636 (English), 12/4/2024 11:59:52, 3807888 bytes
   Driver: C:\Windows\system32\nvcudadebugger.dll, 0.00.0000.0000 (English), 12/4/2024 11:59:44, 5435544 bytes
   Driver: C:\Windows\system32\nvcuvid.dll, 7.17.0015.6636 (English), 12/4/2024 12:00:00, 16811696 bytes
   Driver: C:\Windows\system32\nvidia-pcc.exe, 12/4/2024 12:01:06, 25450120 bytes
   Driver: C:\Windows\system32\nvinfo.pb, 12/3/2024 19:11:53, 132703 bytes
   Driver: C:\Windows\system32\nvml.dll, 8.17.0015.6636 (English), 12/4/2024 12:02:02, 1114792 bytes
   Driver: C:\Windows\system32\nvofapi64.dll, 32.00.0015.6636 (English), 12/4/2024 12:02:18, 670352 bytes
   Driver: C:\Windows\system32\vulkan-1-999-0-0-0.dll, 1.03.0290.0000 (English), 12/4/2024 12:05:42, 1452432 bytes
   Driver: C:\Windows\system32\vulkan-1.dll, 1.03.0290.0000 (English), 12/4/2024 12:05:42, 1452432 bytes
   Driver: C:\Windows\system32\vulkaninfo-1-999-0-0-0.exe, 1.03.0290.0000 (English), 12/4/2024 12:05:46, 2060664 bytes
   Driver: C:\Windows\system32\vulkaninfo.exe, 1.03.0290.0000 (English), 12/4/2024 12:05:46, 2060664 bytes
   Driver: C:\Windows\System32\DriverStore\FileRepository\nv_dispi.inf_amd64_9425e4c3b1ac1c47\nv-vk32.json, 12/3/2024 19:11:53, 674 bytes
   Driver: C:\Windows\System32\DriverStore\FileRepository\nv_dispi.inf_amd64_9425e4c3b1ac1c47\nvIccAdvancedColorIdentity.icm, 12/3/2024 19:11:53, 3288 bytes
   Driver: C:\Windows\System32\DriverStore\FileRepository\nv_dispi.inf_amd64_9425e4c3b1ac1c47\nvd3dum.dll, 32.00.0015.6636 (English), 12/4/2024 11:58:08, 34049968 bytes
   Driver: C:\Windows\System32\DriverStore\FileRepository\nv_dispi.inf_amd64_9425e4c3b1ac1c47\nvdispco64.exe, 1.00.0016.0000 (English), 12/4/2024 12:00:18, 1738888 bytes
   Driver: C:\Windows\System32\DriverStore\FileRepository\nv_dispi.inf_amd64_9425e4c3b1ac1c47\nvdlist.dll, 32.00.0015.6636 (English), 12/4/2024 11:58:22, 203272 bytes
   Driver: C:\Windows\System32\DriverStore\FileRepository\nv_dispi.inf_amd64_9425e4c3b1ac1c47\nvldumd.dll, 32.00.0015.6636 (English), 12/4/2024 11:58:46, 653720 bytes
   Driver: C:\Windows\System32\DriverStore\FileRepository\nv_dispi.inf_amd64_9425e4c3b1ac1c47\nvoglv32.dll, 32.00.0015.6636 (English), 12/4/2024 12:02:20, 24740016 bytes
[2025-01-06 20:18:28.322] [DISPLAY] [DxDia] [diag] 

   Driver: C:\Windows\System32\DriverStore\FileRepository\nv_dispi.inf_amd64_9425e4c3b1ac1c47\nvwgf2um.dll, 32.00.0015.6636 (English), 12/4/2024 11:58:52, 56912128 bytes
   Driver: C:\Windows\SysWow64\NvFBC.dll, 6.14.0015.6636 (English), 12/4/2024 12:00:48, 1634464 bytes
   Driver: C:\Windows\SysWow64\NvIFR.dll, 6.14.0015.6636 (English), 12/4/2024 12:01:32, 1208992 bytes
   Driver: C:\Windows\SysWow64\OpenCL.dll, 3.00.0006.0000 (English), 12/4/2024 12:05:32, 374432 bytes
   Driver: C:\Windows\SysWow64\nvEncodeAPI.dll, 32.00.0015.6636 (English), 12/4/2024 12:00:44, 801432 bytes
   Driver: C:\Windows\SysWow64\nvapi.dll, 32.00.0015.6636 (English), 12/4/2024 11:58:04, 6236264 bytes
   Driver: C:\Windows\SysWow64\nvcuda.dll, 32.00.0015.6636 (English), 12/4/2024 11:59:48, 6953104 bytes
   Driver: C:\Windows\SysWow64\nvcuvid.dll, 7.17.0015.6636 (English), 12/4/2024 11:59:54, 17736840 bytes
   Driver: C:\Windows\SysWow64\nvofapi.dll, 32.00.0015.6636 (English), 12/4/2024 12:02:16, 505504 bytes
   Driver: C:\Windows\SysWow64\vulkan-1-999-0-0-0.dll, 1.03.0290.0000 (English), 12/4/2024 12:05:44, 1301880 bytes
   Driver: C:\Windows\SysWow64\vulkan-1.dll, 1.03.0290.0000 (English), 12/4/2024 12:05:44, 1301880 bytes
   Driver: C:\Windows\SysWow64\vulkaninfo-1-999-0-0-0.exe, 1.03.0290.0000 (English), 12/4/2024 12:05:48, 1600376 bytes
   Driver: C:\Windows\SysWow64\vulkaninfo.exe, 1.03.0290.0000 (English), 12/4/2024 12:05:48, 1600376 bytes
   Driver: C:\Windows\System32\DriverStore\FileRepository\nv_dispi.inf_amd64_9425e4c3b1ac1c47\NvTelemetry64.dll, 14.03.0060.0000 (English), 12/4/2024 12:04:18, 4466272 bytes

     Name: High Definition Audio Controller
Device ID: PCI\VEN_10DE&DEV_22BA&SUBSYS_88E61043&REV_A1\4&1BABDF5B&0&0109
   Driver: C:\Windows\system32\DRIVERS\hdaudbus.sys, 10.00.22621.4391 (English), 11/14/2024 19:04:59, 192512 bytes
   Driver: C:\Windows\system32\DRIVERS\drmk.sys, 10.00.22621.4391 (English), 11/14/2024 19:04:59, 143360 bytes
   Driver: C:\Windows\system32\DRIVERS\portcls.sys, 10.00.22621.4391 (English), 11/14/2024 19:04:59, 471040 bytes

     Name: AMD USB 3.20 eXtensible Host Controller - 1.10 (Microsoft)
Device ID: PCI\VEN_1022&DEV_43F7&SUBSYS_11421B21&REV_01\6&2AF91C3C&0&00600011
   Driver: C:\Windows\system32\DRIVERS\USBXHCI.SYS, 10.00.22621.4541 (English), 12/12/2024 23:27:43, 677296 bytes
   Driver: C:\Windows\system32\DRIVERS\UMDF\UsbXhciCompanion.dll, 10.00.22621.4541 (English), 12/12/2024 23:27:43, 170944 bytes

     Name: PCI standard host CPU bridge
Device ID: PCI\VEN_1022&DEV_14DA&SUBSYS_00000000&REV_00\3&11583659&0&40
   Driver: n/a

     Name: PCI standard host CPU bridge
Device ID: PCI\VEN_1022&DEV_14DA&SUBSYS_00000000&REV_00\3&11583659&0&20
   Driver: n/a

     Name: PCI standard host CPU bridge
Device ID: PCI\VEN_1022&DEV_14DA&SUBSYS_00000000&REV_00\3&11583659&0&18
   Driver: n/a

     Name: PCI standard host CPU bridge
Device ID: PCI\VEN_1022&DEV_14DA&SUBSYS_00000000&REV_00\3&11583659&0&10
   Driver: n/a

     Name: PCI standard host CPU bridge
Device ID: PCI\VEN_1022&DEV_14DA&SUBSYS_00000000&REV_00\3&11583659&0&08
   Driver: n/a

     Name: PCI Express Downstream Switch Port
Device ID: PCI\VEN_1022&DEV_43F5&SUBSYS_33281B21&REV_01\5&26BE588C&0&000011
   Driver: C:\Windows\system32\DRIVERS\pci.sys, 10.00.22621.4391 (English), 11/14/2024 19:05:01, 579040 bytes

     Name: Realtek 8852BE Wireless LAN WiFi 6 PCI-E NIC
Device ID: PCI\VEN_10EC&DEV_B852&SUBSYS_54711A3B&REV_00\00E04CFFFE88520100
   Driver: C:\Windows\system32\DRIVERS\rtwlane601.sys, 6001.15.0124.0000 (English), 7/27/2024 17:56:05, 9139048 bytes
   Driver: C:\Windows\system32\DRIVERS\rtldata601.txt, 7/27/2024 17:56:05, 394771 bytes

     Name: PCI standard host CPU bridge
Device ID: PCI\VEN_1022&DEV_14E2&SUBSYS_00000000&REV_00\3&11583659&0&C2
   Driver: n/a

     Name: AMD SMBus
Device ID: PCI\VEN_1022&DEV_790B&SUBSYS_88771043&REV_71\3&11583659&0&A0
   Driver: n/a

     Name: High Definition Audio Controller
[2025-01-06 20:18:28.322] [DISPLAY] [DxDia] [diag] 

Device ID: PCI\VEN_1022&DEV_15E3&SUBSYS_88411043&REV_00\4&1EBE6A9C&0&0641
   Driver: C:\Windows\system32\DRIVERS\hdaudbus.sys, 10.00.22621.4391 (English), 11/14/2024 19:04:59, 192512 bytes
   Driver: C:\Windows\system32\DRIVERS\drmk.sys, 10.00.22621.4391 (English), 11/14/2024 19:04:59, 143360 bytes
   Driver: C:\Windows\system32\DRIVERS\portcls.sys, 10.00.22621.4391 (English), 11/14/2024 19:04:59, 471040 bytes

     Name: PCI standard host CPU bridge
Device ID: PCI\VEN_1022&DEV_14D8&SUBSYS_88771043&REV_00\3&11583659&0&00
   Driver: n/a

     Name: PCI standard host CPU bridge
Device ID: PCI\VEN_1022&DEV_14E5&SUBSYS_00000000&REV_00\3&11583659&0&C5
   Driver: n/a

     Name: PCI Express Upstream Switch Port
Device ID: PCI\VEN_1022&DEV_43F4&SUBSYS_33281B21&REV_01\4&383DA6B1&0&0011
   Driver: C:\Windows\system32\DRIVERS\pci.sys, 10.00.22621.4391 (English), 11/14/2024 19:05:01, 579040 bytes

     Name: PCI standard ISA bridge
Device ID: PCI\VEN_1022&DEV_790E&SUBSYS_88771043&REV_51\3&11583659&0&A3
   Driver: C:\Windows\system32\DRIVERS\msisadrv.sys, 10.00.22621.0001 (English), 5/6/2022 23:19:04, 54608 bytes

     Name: Standard SATA AHCI Controller
Device ID: PCI\VEN_1022&DEV_43F6&SUBSYS_10621B21&REV_01\6&37563465&0&00680011
   Driver: C:\Windows\system32\DRIVERS\storahci.sys, 10.00.22621.2506 (English), 12/4/2023 00:21:15, 214400 bytes

     Name: AMD USB 3.10 eXtensible Host Controller - 1.20 (Microsoft)
Device ID: PCI\VEN_1022&DEV_15B6&SUBSYS_88771043&REV_00\4&1EBE6A9C&0&0341
   Driver: C:\Windows\system32\DRIVERS\USBXHCI.SYS, 10.00.22621.4541 (English), 12/12/2024 23:27:43, 677296 bytes
   Driver: C:\Windows\system32\DRIVERS\UMDF\UsbXhciCompanion.dll, 10.00.22621.4541 (English), 12/12/2024 23:27:43, 170944 bytes

     Name: PCI standard host CPU bridge
Device ID: PCI\VEN_1022&DEV_14E0&SUBSYS_00000000&REV_00\3&11583659&0&C0
   Driver: n/a

     Name: Standard NVM Express Controller
Device ID: PCI\VEN_144D&DEV_A80C&SUBSYS_A801144D&REV_00\4&2EC11BF&0&000A
   Driver: C:\Windows\system32\DRIVERS\stornvme.sys, 10.00.22621.4391 (English), 11/14/2024 19:05:01, 251384 bytes

     Name: PCI Express Downstream Switch Port
Device ID: PCI\VEN_1022&DEV_43F5&SUBSYS_33281B21&REV_01\5&26BE588C&0&680011
   Driver: C:\Windows\system32\DRIVERS\pci.sys, 10.00.22621.4391 (English), 11/14/2024 19:05:01, 579040 bytes

     Name: PCI standard host CPU bridge
Device ID: PCI\VEN_1022&DEV_14E3&SUBSYS_00000000&REV_00\3&11583659&0&C3
   Driver: n/a

     Name: Realtek Gaming 2.5GbE Family Controller
Device ID: PCI\VEN_10EC&DEV_8125&SUBSYS_87D71043&REV_05\01000000684CE00000
   Driver: C:\Windows\System32\DriverStore\FileRepository\rt25cx21x64.inf_amd64_bda91607087ccd13\rt25cx21x64.sys, 1125.09.0614.2022 (English), 7/27/2024 17:57:46, 656288 bytes

     Name: PCI Express Downstream Switch Port
Device ID: PCI\VEN_1022&DEV_43F5&SUBSYS_33281B21&REV_01\5&26BE588C&0&580011
   Driver: C:\Windows\system32\DRIVERS\pci.sys, 10.00.22621.4391 (English), 11/14/2024 19:05:01, 579040 bytes

     Name: PCI Express Downstream Switch Port
Device ID: PCI\VEN_1022&DEV_43F5&SUBSYS_33281B21&REV_01\5&26BE588C&0&600011
   Driver: C:\Windows\system32\DRIVERS\pci.sys, 10.00.22621.4391 (English), 11/14/2024 19:05:01, 579040 bytes

     Name: PCI standard host CPU bridge
Device ID: PCI\VEN_1022&DEV_14E6&SUBSYS_00000000&REV_00\3&11583659&0&C6
   Driver: n/a

     Name: AMD USB 3.10 eXtensible Host Controller - 1.20 (Microsoft)
Device ID: PCI\VEN_1022&DEV_15B7&SUBSYS_88771043&REV_00\4&1EBE6A9C&0&0441
   Driver: C:\Windows\system32\DRIVERS\USBXHCI.SYS, 10.00.22621.4541 (English), 12/12/2024 23:27:43, 677296 bytes
   Driver: C:\Windows\system32\DRIVERS\UMDF\UsbXhciCompanion.dll, 10.00.22621.4541 (English), 12/12/2024 23:27:43, 170944 bytes

     Name: PCI Express Downstream Switch Port
Device ID: PCI\VEN_1022&DEV_43F5&SUBSYS_33281B21&REV_01\5&26BE588C&0&480011
   Driver: C:\Windows\system32\DRIVERS\pci.sys, 10.00.22621.4391 (English), 11/14/2024 19:05:01, 579040 bytes

     Name: PCI Express Root Port
[2025-01-06 20:18:28.322] [DISPLAY] [DxDia] [diag] 

Device ID: PCI\VEN_1022&DEV_14DD&SUBSYS_88771043&REV_00\3&11583659&0&43
   Driver: C:\Windows\system32\DRIVERS\pci.sys, 10.00.22621.4391 (English), 11/14/2024 19:05:01, 579040 bytes

     Name: PCI Express Root Port
Device ID: PCI\VEN_1022&DEV_14DD&SUBSYS_88771043&REV_00\3&11583659&0&41
   Driver: C:\Windows\system32\DRIVERS\pci.sys, 10.00.22621.4391 (English), 11/14/2024 19:05:01, 579040 bytes

     Name: PCI Express Downstream Switch Port
Device ID: PCI\VEN_1022&DEV_43F5&SUBSYS_33281B21&REV_01\5&26BE588C&0&500011
   Driver: C:\Windows\system32\DRIVERS\pci.sys, 10.00.22621.4391 (English), 11/14/2024 19:05:01, 579040 bytes

     Name: AMD PSP 11.0 Device
Device ID: PCI\VEN_1022&DEV_1649&SUBSYS_88771043&REV_00\4&1EBE6A9C&0&0241
   Driver: C:\Windows\system32\DRIVERS\amdpsp.sys, 5.28.0000.0000 (English), 5/22/2024 23:29:56, 56752 bytes
   Driver: C:\Windows\system32\amdtee_api.dll, 5.28.0000.0000 (English), 5/22/2024 23:30:00, 525744 bytes
   Driver: C:\Windows\SysWOW64\amdtee_api.dll, 5.28.0000.0000 (English), 5/22/2024 23:29:58, 397232 bytes

     Name: PCI standard host CPU bridge
Device ID: PCI\VEN_1022&DEV_14E1&SUBSYS_00000000&REV_00\3&11583659&0&C1
   Driver: n/a

     Name: High Definition Audio Controller
Device ID: PCI\VEN_1002&DEV_1640&SUBSYS_88771043&REV_00\4&1EBE6A9C&0&0141
   Driver: C:\Windows\system32\DRIVERS\hdaudbus.sys, 10.00.22621.4391 (English), 11/14/2024 19:04:59, 192512 bytes
   Driver: C:\Windows\system32\DRIVERS\drmk.sys, 10.00.22621.4391 (English), 11/14/2024 19:04:59, 143360 bytes
   Driver: C:\Windows\system32\DRIVERS\portcls.sys, 10.00.22621.4391 (English), 11/14/2024 19:04:59, 471040 bytes

     Name: PCI Express Downstream Switch Port
Device ID: PCI\VEN_1022&DEV_43F5&SUBSYS_33281B21&REV_01\5&26BE588C&0&400011
   Driver: C:\Windows\system32\DRIVERS\pci.sys, 10.00.22621.4391 (English), 11/14/2024 19:05:01, 579040 bytes

     Name: AMD Radeon(TM) Graphics
Device ID: PCI\VEN_1002&DEV_164E&SUBSYS_88771043&REV_C9\4&1EBE6A9C&0&0041
   Driver: C:\Windows\System32\DriverStore\FileRepository\u0403811.inf_amd64_52448c34fb47b343\B403843\ativvaxy_vcn3.dat, 7/27/2024 17:56:01, 583408 bytes
   Driver: C:\Windows\System32\DriverStore\FileRepository\u0403811.inf_amd64_52448c34fb47b343\B403843\ativvaxy_vcn3_1.dat, 7/27/2024 17:56:01, 575664 bytes
   Driver: C:\Windows\System32\DriverStore\FileRepository\u0403811.inf_amd64_52448c34fb47b343\B403843\ativvaxy_vcn4.dat, 7/27/2024 17:56:01, 387792 bytes
   Driver: C:\Windows\System32\DriverStore\FileRepository\u0403811.inf_amd64_52448c34fb47b343\B403843\featuresync.dll, 32.00.11016.0003 (English), 7/27/2024 17:56:01, 975544 bytes
   Driver: C:\Windows\System32\DriverStore\FileRepository\u0403811.inf_amd64_52448c34fb47b343\B403843\amdept.dat, 7/27/2024 17:55:54, 4 bytes
   Driver: C:\Windows\System32\DriverStore\FileRepository\u0403811.inf_amd64_52448c34fb47b343\B403843\ativvaxy_vcn4_0_a.dat, 7/27/2024 17:56:01, 387024 bytes
   Driver: C:\Windows\System32\DriverStore\FileRepository\u0403811.inf_amd64_52448c34fb47b343\B403843\amdvlk_nexus.cab, 7/27/2024 17:55:57, 62152366 bytes
   Driver: C:\Windows\System32\DriverStore\FileRepository\u0403811.inf_amd64_52448c34fb47b343\B403843\ativce02.dat, 7/27/2024 17:56:01, 100832 bytes
   Driver: C:\Windows\System32\DriverStore\FileRepository\u0403811.inf_amd64_52448c34fb47b343\B403843\ativvaxy_cik.dat, 7/27/2024 17:56:01, 234676 bytes
   Driver: C:\Windows\System32\DriverStore\FileRepository\u0403811.inf_amd64_52448c34fb47b343\B403843\ativvaxy_cik_nd.dat, 7/27/2024 17:56:01, 234416 bytes
   Driver: C:\Windows\System32\DriverStore\FileRepository\u0403811.inf_amd64_52448c34fb47b343\B403843\amdihk64.dll, 2.00.0000.1788 (English), 7/27/2024 17:55:54, 240000 bytes
   Driver: C:\Windows\System32\DriverStore\FileRepository\u0403811.inf_amd64_52448c34fb47b343\B403843\amdihk32.dll, 2.00.0000.1788 (English), 7/27/2024 17:55:54, 192096 bytes
   Driver: C:\Windows\System32\DriverStore\FileRepository\u0403811.inf_amd64_52448c34fb47b343\B403843\ativvaxy_nv.dat, 7/27/2024 17:56:01, 403136 bytes
[2025-01-06 20:18:28.322] [DISPLAY] [DxDia] [diag] 

   Driver: C:\Windows\System32\DriverStore\FileRepository\u0403811.inf_amd64_52448c34fb47b343\B403843\amdefctb.dat, 7/27/2024 17:55:54, 515238 bytes
   Driver: C:\Windows\System32\DriverStore\FileRepository\u0403811.inf_amd64_52448c34fb47b343\B403843\amdxn32.dll, 32.00.11016.0003 (English), 7/27/2024 17:55:58, 53029048 bytes
   Driver: C:\Windows\System32\DriverStore\FileRepository\u0403811.inf_amd64_52448c34fb47b343\B403843\amdxn64.dll, 32.00.11016.0003 (English), 7/27/2024 17:55:59, 58741944 bytes
   Driver: C:\Windows\System32\DriverStore\FileRepository\u0403811.inf_amd64_52448c34fb47b343\B403843\ativvaxy_vg20.dat, 7/27/2024 17:56:01, 379200 bytes
   Driver: C:\Windows\System32\DriverStore\FileRepository\u0403811.inf_amd64_52448c34fb47b343\B403843\ativvaxy_vg20_nd.dat, 7/27/2024 17:56:01, 382880 bytes
   Driver: C:\Windows\System32\DriverStore\FileRepository\u0403811.inf_amd64_52448c34fb47b343\B403843\amdave32.dll, 32.00.11016.0003 (English), 7/27/2024 17:55:54, 150072 bytes
   Driver: C:\Windows\System32\DriverStore\FileRepository\u0403811.inf_amd64_52448c34fb47b343\B403843\amdave64.dll, 32.00.11016.0003 (English), 7/27/2024 17:55:54, 174792 bytes
   Driver: C:\Windows\System32\DriverStore\FileRepository\u0403811.inf_amd64_52448c34fb47b343\B403843\ativvaxy_rv.dat, 7/27/2024 17:56:01, 366304 bytes
   Driver: C:\Windows\System32\DriverStore\FileRepository\u0403811.inf_amd64_52448c34fb47b343\B403843\amde40a.dat, 7/27/2024 17:55:54, 173536 bytes
   Driver: C:\Windows\System32\DriverStore\FileRepository\u0403811.inf_amd64_52448c34fb47b343\B403843\ativvaxy_gl_nd.dat, 7/27/2024 17:56:01, 380192 bytes
   Driver: C:\Windows\System32\DriverStore\FileRepository\u0403811.inf_amd64_52448c34fb47b343\B403843\amduve64.dll, 18.04.0006.0000 (English), 7/27/2024 17:55:56, 207304 bytes
   Driver: C:\Windows\System32\DriverStore\FileRepository\u0403811.inf_amd64_52448c34fb47b343\B403843\amduve32.dll, 18.04.0006.0000 (English), 7/27/2024 17:55:56, 173680 bytes
   Driver: C:\Windows\System32\DriverStore\FileRepository\u0403811.inf_amd64_52448c34fb47b343\B403843\amfrtdrv32.dll, 32.00.11016.0003 (English), 7/27/2024 17:55:59, 13800120 bytes
   Driver: C:\Windows\System32\DriverStore\FileRepository\u0403811.inf_amd64_52448c34fb47b343\B403843\amfrtdrv64.dll, 32.00.11016.0003 (English), 7/27/2024 17:56:00, 14520504 bytes
   Driver: C:\Windows\System32\DriverStore\FileRepository\u0403811.inf_amd64_52448c34fb47b343\B403843\AMDh265Enc32.dll, 32.00.11016.0003 (English), 7/27/2024 17:55:54, 1872360 bytes
   Driver: C:\Windows\System32\DriverStore\FileRepository\u0403811.inf_amd64_52448c34fb47b343\B403843\AMDh265Enc64.dll, 32.00.11016.0003 (English), 7/27/2024 17:55:54, 1979512 bytes
   Driver: C:\Windows\System32\DriverStore\FileRepository\u0403811.inf_amd64_52448c34fb47b343\B403843\amde34b.dat, 7/27/2024 17:55:54, 175008 bytes
   Driver: C:\Windows\System32\DriverStore\FileRepository\u0403811.inf_amd64_52448c34fb47b343\B403843\amde34a.dat, 7/27/2024 17:55:54, 175008 bytes
   Driver: C:\Windows\System32\DriverStore\FileRepository\u0403811.inf_amd64_52448c34fb47b343\B403843\ativvaxy_stn_nd.dat, 7/27/2024 17:56:01, 278432 bytes
   Driver: C:\Windows\System32\DriverStore\FileRepository\u0403811.inf_amd64_52448c34fb47b343\B403843\amdvlk32.dll, 32.00.11016.0003 (English), 7/27/2024 17:55:56, 86295448 bytes
   Driver: C:\Windows\System32\DriverStore\FileRepository\u0403811.inf_amd64_52448c34fb47b343\B403843\amdvlk64.dll, 32.00.11016.0003 (English), 7/27/2024 17:55:56, 99693240 bytes
   Driver: C:\Windows\System32\DriverStore\FileRepository\u0403811.inf_amd64_52448c34fb47b343\B403843\amd-vulkan32.json, 7/27/2024 17:55:53, 703 bytes
   Driver: C:\Windows\System32\DriverStore\FileRepository\u0403811.inf_amd64_52448c34fb47b343\B403843\amd-vulkan64.json, 7/27/2024 17:55:53, 703 bytes
   Driver: C:\Windows\System32\DriverStore\FileRepository\u0403811.inf_amd64_52448c34fb47b343\B403843\ativvaxy_el_nd.dat, 7/27/2024 17:56:01, 376224 bytes
[2025-01-06 20:18:28.322] [DISPLAY] [DxDia] [diag] 

   Driver: C:\Windows\System32\DriverStore\FileRepository\u0403811.inf_amd64_52448c34fb47b343\B403843\amdicdxx.dat, 7/27/2024 17:55:54, 1580857 bytes
   Driver: C:\Windows\System32\DriverStore\FileRepository\u0403811.inf_amd64_52448c34fb47b343\B403843\atiicdxx.dat, 7/27/2024 17:56:00, 737410 bytes
   Driver: C:\Windows\System32\DriverStore\FileRepository\u0403811.inf_amd64_52448c34fb47b343\B403843\ativvaxy_FJ.dat, 7/27/2024 17:56:01, 268244 bytes
   Driver: C:\Windows\System32\DriverStore\FileRepository\u0403811.inf_amd64_52448c34fb47b343\B403843\ativvaxy_FJ_nd.dat, 7/27/2024 17:56:01, 267984 bytes
   Driver: C:\Windows\System32\DriverStore\FileRepository\u0403811.inf_amd64_52448c34fb47b343\B403843\amdxc32.dll, 32.00.11016.0003 (English), 7/27/2024 17:55:57, 76313224 bytes
   Driver: C:\Windows\System32\DriverStore\FileRepository\u0403811.inf_amd64_52448c34fb47b343\B403843\amdxc64.dll, 32.00.11016.0003 (English), 7/27/2024 17:55:58, 84902048 bytes
   Driver: C:\Windows\System32\DriverStore\FileRepository\u0403811.inf_amd64_52448c34fb47b343\B403843\ativvaxy_cz_nd.dat, 7/27/2024 17:56:01, 272928 bytes
   Driver: C:\Windows\System32\DriverStore\FileRepository\u0403811.inf_amd64_52448c34fb47b343\B403843\amde31a.dat, 7/27/2024 17:55:54, 159072 bytes
   Driver: C:\Windows\System32\DriverStore\FileRepository\u0403811.inf_amd64_52448c34fb47b343\B403843\AMDhwDecoder_32.dll, 32.00.11016.0003 (English), 7/27/2024 17:55:54, 248208 bytes
   Driver: C:\Windows\System32\DriverStore\FileRepository\u0403811.inf_amd64_52448c34fb47b343\B403843\AMDhwDecoder_64.dll, 32.00.11016.0003 (English), 7/27/2024 17:55:54, 301464 bytes
   Driver: C:\Windows\System32\DriverStore\FileRepository\u0403811.inf_amd64_52448c34fb47b343\B403843\AMDh264Enc32.dll, 32.00.11016.0003 (English), 7/27/2024 17:55:54, 1890152 bytes
   Driver: C:\Windows\System32\DriverStore\FileRepository\u0403811.inf_amd64_52448c34fb47b343\B403843\AMDh264Enc64.dll, 32.00.11016.0003 (English), 7/27/2024 17:55:54, 1991576 bytes
   Driver: C:\Windows\System32\DriverStore\FileRepository\u0403811.inf_amd64_52448c34fb47b343\B403843\ativce03.dat, 7/27/2024 17:56:01, 160768 bytes
   Driver: C:\Windows\System32\DriverStore\FileRepository\u0403811.inf_amd64_52448c34fb47b343\B403843\ativvaxy_vi.dat, 7/27/2024 17:56:01, 325188 bytes
   Driver: C:\Windows\System32\DriverStore\FileRepository\u0403811.inf_amd64_52448c34fb47b343\B403843\ativvaxy_vi_nd.dat, 7/27/2024 17:56:01, 324928 bytes
   Driver: C:\Windows\System32\DriverStore\FileRepository\u0403811.inf_amd64_52448c34fb47b343\B403843\amdhdl32.dll, 7/27/2024 17:55:54, 426840 bytes
   Driver: C:\Windows\System32\DriverStore\FileRepository\u0403811.inf_amd64_52448c34fb47b343\B403843\amdhdl64.dll, 7/27/2024 17:55:54, 558504 bytes
   Driver: C:\Windows\System32\DriverStore\FileRepository\u0403811.inf_amd64_52448c34fb47b343\B403843\atiesrxx.exe, 32.00.11016.0003 (English), 7/27/2024 17:56:00, 665272 bytes
   Driver: C:\Windows\System32\DriverStore\FileRepository\u0403811.inf_amd64_52448c34fb47b343\B403843\atigktxx.dll, 32.00.11016.0003 (English), 7/27/2024 17:56:00, 232856 bytes
   Driver: C:\Windows\System32\DriverStore\FileRepository\u0403811.inf_amd64_52448c34fb47b343\B403843\atiglpxx.dll, 32.00.11016.0003 (English), 7/27/2024 17:56:00, 161984 bytes
   Driver: C:\Windows\System32\DriverStore\FileRepository\u0403811.inf_amd64_52448c34fb47b343\B403843\atig6pxx.dll, 32.00.11016.0003 (English), 7/27/2024 17:56:00, 195768 bytes
   Driver: C:\Windows\System32\DriverStore\FileRepository\u0403811.inf_amd64_52448c34fb47b343\B403843\atig6txx.dll, 32.00.11016.0003 (English), 7/27/2024 17:56:00, 276160 bytes
   Driver: C:\Windows\System32\DriverStore\FileRepository\u0403811.inf_amd64_52448c34fb47b343\B403843\atioglxx.dll, 32.00.11016.0003 (English), 7/27/2024 17:56:01, 58643128 bytes
   Driver: C:\Windows\System32\DriverStore\FileRepository\u0403811.inf_amd64_52448c34fb47b343\B403843\atio6axx.dll, 32.00.11016.0003 (English), 7/27/2024 17:56:01, 68074168 bytes
[2025-01-06 20:18:28.322] [DISPLAY] [DxDia] [diag] 

   Driver: C:\Windows\System32\DriverStore\FileRepository\u0403811.inf_amd64_52448c34fb47b343\B403843\amdxx64.dll, 32.00.11016.0003 (English), 7/27/2024 17:55:59, 66657616 bytes
   Driver: C:\Windows\System32\DriverStore\FileRepository\u0403811.inf_amd64_52448c34fb47b343\B403843\amdxx32.dll, 32.00.11016.0003 (English), 7/27/2024 17:55:59, 60111560 bytes
   Driver: C:\Windows\System32\DriverStore\FileRepository\u0403811.inf_amd64_52448c34fb47b343\B403843\amdenc64.dll, 32.00.11016.0003 (English), 7/27/2024 17:55:54, 1412096 bytes
   Driver: C:\Windows\System32\DriverStore\FileRepository\u0403811.inf_amd64_52448c34fb47b343\B403843\amdenc32.dll, 32.00.11016.0003 (English), 7/27/2024 17:55:54, 1231816 bytes
   Driver: C:\Windows\System32\DriverStore\FileRepository\u0403811.inf_amd64_52448c34fb47b343\B403843\libamdenc64.so, 7/27/2024 17:56:02, 1603952 bytes
   Driver: C:\Windows\System32\DriverStore\FileRepository\u0403811.inf_amd64_52448c34fb47b343\B403843\amf-pa-ml32.dll, 1.04.0034.0000 (English), 7/27/2024 17:55:59, 337080 bytes
   Driver: C:\Windows\System32\DriverStore\FileRepository\u0403811.inf_amd64_52448c34fb47b343\B403843\amf-pa-ml64.dll, 1.04.0034.0000 (English), 7/27/2024 17:55:59, 375992 bytes
   Driver: C:\Windows\System32\DriverStore\FileRepository\u0403811.inf_amd64_52448c34fb47b343\B403843\H9_EASU_sx1_10_sy1_10.bin, 7/27/2024 17:56:02, 373296 bytes
   Driver: C:\Windows\System32\DriverStore\FileRepository\u0403811.inf_amd64_52448c34fb47b343\B403843\H9_EASU_sx1_20_sy1_20.bin, 7/27/2024 17:56:02, 373296 bytes
   Driver: C:\Windows\System32\DriverStore\FileRepository\u0403811.inf_amd64_52448c34fb47b343\B403843\H9_EASU_sx1_30_sy1_30.bin, 7/27/2024 17:56:02, 373296 bytes
   Driver: C:\Windows\System32\DriverStore\FileRepository\u0403811.inf_amd64_52448c34fb47b343\B403843\H9_EASU_sx1_40_sy1_40.bin, 7/27/2024 17:56:02, 373296 bytes
   Driver: C:\Windows\System32\DriverStore\FileRepository\u0403811.inf_amd64_52448c34fb47b343\B403843\H9_EASU_sx1_50_sy1_50.bin, 7/27/2024 17:56:02, 373296 bytes
   Driver: C:\Windows\System32\DriverStore\FileRepository\u0403811.inf_amd64_52448c34fb47b343\B403843\H9_EASU_sx1_60_sy1_60.bin, 7/27/2024 17:56:02, 373296 bytes
   Driver: C:\Windows\System32\DriverStore\FileRepository\u0403811.inf_amd64_52448c34fb47b343\B403843\H9_EASU_sx1_70_sy1_70.bin, 7/27/2024 17:56:02, 373296 bytes
   Driver: C:\Windows\System32\DriverStore\FileRepository\u0403811.inf_amd64_52448c34fb47b343\B403843\H9_EASU_sx1_80_sy1_80.bin, 7/27/2024 17:56:02, 373296 bytes
   Driver: C:\Windows\System32\DriverStore\FileRepository\u0403811.inf_amd64_52448c34fb47b343\B403843\H9_EASU_sx1_90_sy1_90.bin, 7/27/2024 17:56:02, 373296 bytes
   Driver: C:\Windows\System32\DriverStore\FileRepository\u0403811.inf_amd64_52448c34fb47b343\B403843\H9_EASU_sx2_00_sy2_00.bin, 7/27/2024 17:56:02, 373296 bytes
   Driver: C:\Windows\System32\DriverStore\FileRepository\u0403811.inf_amd64_52448c34fb47b343\B403843\amdn1b64.dll, 8.17.0010.1097 (English), 7/27/2024 17:55:55, 20246568 bytes
   Driver: C:\Windows\System32\DriverStore\FileRepository\u0403811.inf_amd64_52448c34fb47b343\B403843\amdn1b32.dll, 8.17.0010.1097 (English), 7/27/2024 17:55:55, 17076112 bytes
   Driver: C:\Windows\System32\DriverStore\FileRepository\u0403811.inf_amd64_52448c34fb47b343\B403843\amdkmdag.sys, 32.00.11016.0003 (English), 7/27/2024 17:55:55, 106085272 bytes
   Driver: C:\Windows\system32\atisamu64.dll, 32.00.11016.0003 (English), 7/27/2024 17:56:01, 186664 bytes
   Driver: C:\Windows\system32\ativvsva.dat, 2/27/2024 03:27:10, 157144 bytes
   Driver: C:\Windows\system32\ativvsvl.dat, 2/27/2024 03:27:10, 204952 bytes
   Driver: C:\Windows\system32\atimpc64.dll, 32.00.11016.0003 (English), 7/27/2024 17:56:00, 164576 bytes
   Driver: C:\Windows\system32\atimuixx.dll, 32.00.11016.0003 (English), 7/27/2024 17:56:00, 192296 bytes
   Driver: C:\Windows\system32\EEURestart.exe, 7/27/2024 17:56:01, 522024 bytes
   Driver: C:\Windows\system32\atiadlxx.dll, 32.00.11016.0003 (English), 7/27/2024 17:56:00, 2148024 bytes
[2025-01-06 20:18:28.322] [DISPLAY] [DxDia] [diag] 

   Driver: C:\Windows\system32\amdadlx64.dll, 32.00.11016.0003 (English), 7/27/2024 17:55:53, 7594680 bytes
   Driver: C:\Windows\system32\amdave64.dll, 32.00.11016.0003 (English), 7/27/2024 17:55:54, 174792 bytes
   Driver: C:\Windows\system32\amdpcom64.dll, 32.00.11016.0003 (English), 7/27/2024 17:55:55, 164360 bytes
   Driver: C:\Windows\system32\amfrt64.dll, 32.00.11016.0003 (English), 7/27/2024 17:55:59, 138424 bytes
   Driver: C:\Windows\system32\AMDKernelEvents.man, 7/27/2024 17:55:54, 21459 bytes
   Driver: C:\Windows\system32\vulkan-1.dll, 1.03.0290.0000 (English), 12/4/2024 12:05:42, 1452432 bytes
   Driver: C:\Windows\system32\vulkan-1-999-0-0-0.dll, 1.03.0290.0000 (English), 12/4/2024 12:05:42, 1452432 bytes
   Driver: C:\Windows\system32\vulkaninfo.exe, 1.03.0290.0000 (English), 12/4/2024 12:05:46, 2060664 bytes
   Driver: C:\Windows\system32\vulkaninfo-1-999-0-0-0.exe, 1.03.0290.0000 (English), 12/4/2024 12:05:46, 2060664 bytes
   Driver: C:\Windows\system32\GameManager64.dll, 7/27/2024 17:56:02, 628008 bytes
   Driver: C:\Windows\system32\amdmiracast.dll, 7/27/2024 17:55:55, 548920 bytes
   Driver: C:\Windows\system32\amdlvr64.dll, 1.00.0017.0000 (English), 7/27/2024 17:55:55, 1250712 bytes
   Driver: C:\Windows\system32\amdxc64.dll, 7/27/2024 17:55:58, 135864 bytes
   Driver: C:\Windows\system32\kapp_ci.sbin, 2/27/2024 03:27:14, 128048 bytes
   Driver: C:\Windows\system32\samu_krnl_ci.sbin, 2/27/2024 03:27:14, 154384 bytes
   Driver: C:\Windows\system32\samu_krnl_isv_ci.sbin, 2/27/2024 03:27:14, 138832 bytes
   Driver: C:\Windows\system32\kapp_si.sbin, 2/27/2024 03:27:14, 121168 bytes
   Driver: C:\Windows\system32\detoured.dll, 32.00.11016.0003 (English), 7/27/2024 17:56:01, 39968 bytes
   Driver: C:\Windows\system32\amdgfxinfo64.dll, 7/27/2024 17:55:54, 587048 bytes
   Driver: C:\Windows\system32\atieah64.exe, 7/27/2024 17:56:00, 554680 bytes
   Driver: C:\Windows\system32\atieclxx.exe, 32.00.11016.0003 (English), 7/27/2024 17:56:00, 1026856 bytes
   Driver: C:\Windows\system32\atiapfxx.blb, 7/27/2024 17:56:00, 509016 bytes
   Driver: C:\Windows\system32\atig6txx.dll, 32.00.11016.0003 (English), 7/27/2024 17:56:00, 276160 bytes
   Driver: C:\Windows\system32\atidxx64.dll, 9.17.0011.0069 (English), 7/27/2024 17:56:00, 157728 bytes
   Driver: C:\Windows\system32\ati2erec.dll, 32.00.11016.0003 (English), 7/27/2024 17:56:00, 70840 bytes
   Driver: C:\Windows\system32\atidemgy.dll, 4.05.8914.30734 (English), 7/27/2024 17:56:00, 469288 bytes
   Driver: C:\Windows\system32\amdxc64.so, 7/27/2024 17:55:58, 113100016 bytes
   Driver: C:\Windows\system32\amd-smi.exe, 7/27/2024 17:55:53, 2917672 bytes
   Driver: C:\Windows\system32\amdsasrv64.dll, 1.01.0000.0000 (English), 7/27/2024 17:55:56, 2283808 bytes
   Driver: C:\Windows\system32\amdsacli64.dll, 1.01.0000.0000 (English), 7/27/2024 17:55:55, 1343664 bytes
   Driver: C:\Windows\SysWOW64\atisamu32.dll, 32.00.11016.0003 (English), 7/27/2024 17:56:01, 146216 bytes
   Driver: C:\Windows\SysWOW64\ativvsva.dat, 2/27/2024 03:27:10, 157144 bytes
   Driver: C:\Windows\SysWOW64\ativvsvl.dat, 2/27/2024 03:27:10, 204952 bytes
   Driver: C:\Windows\SysWOW64\atimpc32.dll, 32.00.11016.0003 (English), 7/27/2024 17:56:00, 136672 bytes
   Driver: C:\Windows\SysWOW64\atiadlxx.dll, 32.00.11016.0003 (English), 7/27/2024 17:56:00, 1792808 bytes
   Driver: C:\Windows\SysWOW64\atiadlxy.dll, 32.00.11016.0003 (English), 7/27/2024 17:56:00, 1792808 bytes
   Driver: C:\Windows\SysWOW64\amdadlx32.dll, 32.00.11016.0003 (English), 7/27/2024 17:55:53, 7369408 bytes
   Driver: C:\Windows\SysWOW64\amdave32.dll, 32.00.11016.0003 (English), 7/27/2024 17:55:54, 150072 bytes
   Driver: C:\Windows\SysWOW64\amdpcom32.dll, 32.00.11016.0003 (English), 7/27/2024 17:55:55, 136456 bytes
   Driver: C:\Windows\SysWOW64\amfrt32.dll, 32.00.11016.0003 (English), 7/27/2024 17:55:59, 112832 bytes
   Driver: C:\Windows\SysWOW64\vulkan-1.dll, 1.03.0290.0000 (English), 12/4/2024 12:05:44, 1301880 bytes
[2025-01-06 20:18:28.322] [DISPLAY] [DxDia] [diag] 

   Driver: C:\Windows\SysWOW64\vulkan-1-999-0-0-0.dll, 1.03.0290.0000 (English), 12/4/2024 12:05:44, 1301880 bytes
   Driver: C:\Windows\SysWOW64\vulkaninfo.exe, 1.03.0290.0000 (English), 12/4/2024 12:05:48, 1600376 bytes
   Driver: C:\Windows\SysWOW64\vulkaninfo-1-999-0-0-0.exe, 1.03.0290.0000 (English), 12/4/2024 12:05:48, 1600376 bytes
   Driver: C:\Windows\SysWOW64\GameManager32.dll, 7/27/2024 17:56:02, 475320 bytes
   Driver: C:\Windows\SysWOW64\amdlvr32.dll, 1.00.0017.0000 (English), 7/27/2024 17:55:55, 1051544 bytes
   Driver: C:\Windows\SysWOW64\amdxc32.dll, 7/27/2024 17:55:58, 112312 bytes
   Driver: C:\Windows\SysWOW64\detoured.dll, 32.00.11016.0003 (English), 7/27/2024 17:56:01, 39976 bytes
   Driver: C:\Windows\SysWOW64\amdgfxinfo32.dll, 7/27/2024 17:55:54, 445224 bytes
   Driver: C:\Windows\SysWOW64\atieah32.exe, 7/27/2024 17:56:00, 417464 bytes
   Driver: C:\Windows\SysWOW64\atiapfxx.blb, 7/27/2024 17:56:00, 509016 bytes
   Driver: C:\Windows\SysWOW64\atigktxx.dll, 32.00.11016.0003 (English), 7/27/2024 17:56:00, 232856 bytes
   Driver: C:\Windows\SysWOW64\atidxx32.dll, 9.17.0011.0069 (English), 7/27/2024 17:56:00, 130336 bytes
   Driver: C:\Windows\SysWOW64\amdsacli32.dll, 1.01.0000.0000 (English), 7/27/2024 17:55:55, 1073288 bytes
   Driver: C:\Windows\system32\AMD\amdkmpfd\amdkmpfd.stz, 23.10.0002.0000 (English), 7/27/2024 17:55:55, 116936 bytes
   Driver: C:\Windows\system32\AMD\amdkmpfd\amdkmpfd.itz, 7/27/2024 17:55:55, 2064 bytes
   Driver: C:\Windows\system32\AMD\amdkmpfd\amdkmpfd.ctz, 7/27/2024 17:55:55, 11296 bytes

     Name: PCI standard host CPU bridge
Device ID: PCI\VEN_1022&DEV_14E4&SUBSYS_00000000&REV_00\3&11583659&0&C4
   Driver: n/a

------------------
DirectShow Filters
------------------

DirectShow Filters:
WMAudio Decoder DMO,0x00800800,1,1,WMADMOD.DLL,10.00.22621.2506
WMAPro over S/PDIF DMO,0x00600800,1,1,WMADMOD.DLL,10.00.22621.2506
WMSpeech Decoder DMO,0x00600800,1,1,WMSPDMOD.DLL,10.00.22621.2506
MP3 Decoder DMO,0x00600800,1,1,mp3dmod.dll,10.00.22621.2506
Mpeg4s Decoder DMO,0x00800001,1,1,mp4sdecd.dll,10.00.22621.0001
WMV Screen decoder DMO,0x00600800,1,1,wmvsdecd.dll,10.00.22621.0001
WMVideo Decoder DMO,0x00800001,1,1,wmvdecod.dll,10.00.22621.2506
Mpeg43 Decoder DMO,0x00800001,1,1,mp43decd.dll,10.00.22621.0001
Mpeg4 Decoder DMO,0x00800001,1,1,mpg4decd.dll,10.00.22621.0001
DV Muxer,0x00400000,0,0,qdv.dll,10.00.22621.0001
Color Space Converter,0x00400001,1,1,quartz.dll,10.00.22621.2506
WM ASF Reader,0x00400000,0,0,qasf.dll,12.00.22621.0001
AVI Splitter,0x00600000,1,1,quartz.dll,10.00.22621.2506
VGA 16 Color Ditherer,0x00400000,1,1,quartz.dll,10.00.22621.2506
SBE2MediaTypeProfile,0x00200000,0,0,sbe.dll,10.00.22621.2861
Microsoft DTV-DVD Video Decoder,0x005fffff,2,4,msmpeg2vdec.dll,10.00.22621.4541
BambuSource Filter,0x00200000,0,2,BambuSource.dll,
AC3 Parser Filter,0x00600000,1,1,mpg2splt.ax,10.00.22621.0001
StreamBufferSink,0x00200000,0,0,sbe.dll,10.00.22621.2861
MJPEG Decompressor,0x00600000,1,1,quartz.dll,10.00.22621.2506
MPEG-I Stream Splitter,0x00600000,1,2,quartz.dll,10.00.22621.2506
SAMI (CC) Parser,0x00400000,1,1,quartz.dll,10.00.22621.2506
VBI Codec,0x00600000,1,4,VBICodec.ax,10.00.22621.0001
MPEG-2 Splitter,0x005fffff,1,0,mpg2splt.ax,10.00.22621.0001
Closed Captions Analysis Filter,0x00200000,2,5,cca.dll,10.00.22621.0001
SBE2FileScan,0x00200000,0,0,sbe.dll,10.00.22621.2861
Microsoft MPEG-2 Video Encoder,0x00200000,1,1,msmpeg2enc.dll,10.00.22621.2506
Internal Script Command Renderer,0x00800001,1,0,quartz.dll,10.00.22621.2506
MPEG Audio Decoder,0x03680001,1,1,quartz.dll,10.00.22621.2506
DV Splitter,0x00600000,1,2,qdv.dll,10.00.22621.0001
Video Mixing Renderer 9,0x00200000,1,0,quartz.dll,10.00.22621.2506
Microsoft MPEG-2 Encoder,0x00200000,2,1,msmpeg2enc.dll,10.00.22621.2506
ACM Wrapper,0x00600000,1,1,quartz.dll,10.00.22621.2506
Video Renderer,0x00800001,1,0,quartz.dll,10.00.22621.2506
MPEG-2 Video Stream Analyzer,0x00200000,0,0,sbe.dll,10.00.22621.2861
Line 21 Decoder,0x00600000,1,1,,
[2025-01-06 20:18:28.322] [DISPLAY] [DxDia] [diag] 

Video Port Manager,0x00600000,2,1,quartz.dll,10.00.22621.2506
Video Renderer,0x00400000,1,0,quartz.dll,10.00.22621.2506
VPS Decoder,0x00200000,0,0,WSTPager.ax,10.00.22621.0001
WM ASF Writer,0x00400000,0,0,qasf.dll,12.00.22621.0001
VBI Surface Allocator,0x00600000,1,1,vbisurf.ax,10.00.22621.0001
File writer,0x00200000,1,0,qcap.dll,10.00.22621.0001
DVD Navigator,0x00200000,0,3,qdvd.dll,10.00.22621.2506
Overlay Mixer2,0x00200000,1,1,,
AVI Draw,0x00600064,9,1,quartz.dll,10.00.22621.2506
Microsoft MPEG-2 Audio Encoder,0x00200000,1,1,msmpeg2enc.dll,10.00.22621.2506
WST Pager,0x00200000,1,1,WSTPager.ax,10.00.22621.0001
MPEG-2 Demultiplexer,0x00600000,1,1,mpg2splt.ax,10.00.22621.0001
DV Video Decoder,0x00800000,1,1,qdv.dll,10.00.22621.0001
SampleGrabber,0x00200000,1,1,qedit.dll,10.00.22621.3527
Null Renderer,0x00200000,1,0,qedit.dll,10.00.22621.3527
MPEG-2 Sections and Tables,0x005fffff,1,0,Mpeg2Data.ax,10.00.22621.0001
Microsoft AC3 Encoder,0x00200000,1,1,msac3enc.dll,10.00.22621.2506
StreamBufferSource,0x00200000,0,0,sbe.dll,10.00.22621.2861
Smart Tee,0x00200000,1,2,qcap.dll,10.00.22621.0001
Overlay Mixer,0x00200000,0,0,,
AVI Decompressor,0x00600000,1,1,quartz.dll,10.00.22621.2506
AVI/WAV File Source,0x00400000,0,2,quartz.dll,10.00.22621.2506
Wave Parser,0x00400000,1,1,quartz.dll,10.00.22621.2506
MIDI Parser,0x00400000,1,1,quartz.dll,10.00.22621.2506
Multi-file Parser,0x00400000,1,1,quartz.dll,10.00.22621.2506
File stream renderer,0x00400000,1,1,quartz.dll,10.00.22621.2506
Microsoft DTV-DVD Audio Decoder,0x005fffff,1,1,msmpeg2adec.dll,10.00.22621.3527
StreamBufferSink2,0x00200000,0,0,sbe.dll,10.00.22621.2861
AVI Mux,0x00200000,1,0,qcap.dll,10.00.22621.0001
Line 21 Decoder 2,0x00600002,1,1,quartz.dll,10.00.22621.2506
File Source (Async.),0x00400000,0,1,quartz.dll,10.00.22621.2506
File Source (URL),0x00400000,0,1,quartz.dll,10.00.22621.2506
Infinite Pin Tee Filter,0x00200000,1,1,qcap.dll,10.00.22621.0001
Enhanced Video Renderer,0x00200000,1,0,evr.dll,10.00.22621.4111
BDA MPEG2 Transport Information Filter,0x00200000,2,0,psisrndr.ax,10.00.22621.0001
MPEG Video Decoder,0x40000001,1,1,quartz.dll,10.00.22621.2506

WDM Streaming Tee/Splitter Devices:
Tee/Sink-to-Sink Converter,0x00200000,1,1,ksproxy.ax,10.00.22621.3527

Video Compressors:
WMVideo8 Encoder DMO,0x00600800,1,1,wmvxencd.dll,10.00.22621.0001
WMVideo9 Encoder DMO,0x00600800,1,1,wmvencod.dll,10.00.22621.0001
MSScreen 9 encoder DMO,0x00600800,1,1,wmvsencd.dll,10.00.22621.0001
DV Video Encoder,0x00200000,0,0,qdv.dll,10.00.22621.0001
MJPEG Compressor,0x00200000,0,0,quartz.dll,10.00.22621.2506

Audio Compressors:
WM Speech Encoder DMO,0x00600800,1,1,WMSPDMOE.DLL,10.00.22621.0001
WMAudio Encoder DMO,0x00600800,1,1,WMADMOE.DLL,10.00.22621.0001
IMA ADPCM,0x00200000,1,1,quartz.dll,10.00.22621.2506
PCM,0x00200000,1,1,quartz.dll,10.00.22621.2506
Microsoft ADPCM,0x00200000,1,1,quartz.dll,10.00.22621.2506
GSM 6.10,0x00200000,1,1,quartz.dll,10.00.22621.2506
CCITT A-Law,0x00200000,1,1,quartz.dll,10.00.22621.2506
CCITT u-Law,0x00200000,1,1,quartz.dll,10.00.22621.2506
MPEG Layer-3,0x00200000,1,1,quartz.dll,10.00.22621.2506

Audio Capture Sources:
Microphone (NVIDIA Broadcast),0x00200000,0,0,qcap.dll,10.00.22621.0001
Microphone (3- fifine Microphone),0x00200000,0,0,qcap.dll,10.00.22621.0001

PBDA CP Filters:
PBDA DTFilter,0x00600000,1,1,CPFilters.dll,10.00.22621.4249
PBDA ETFilter,0x00200000,0,0,CPFilters.dll,10.00.22621.4249
PBDA PTFilter,0x00200000,0,0,CPFilters.dll,10.00.22621.4249

Midi Renderers:
Default MidiOut Device,0x00800000,1,0,quartz.dll,10.00.22621.2506
Microsoft GS Wavetable Synth,0x00200000,1,0,quartz.dll,10.00.22621.2506

WDM Streaming Capture Devices:
Line in at rear panel (Blue),0x00200000,1,1,ksproxy.ax,10.00.22621.3527
Realtek HD Audio Stereo input,0x00200000,1,1,ksproxy.ax,10.00.22621.3527
Mic in at rear panel (Pink),0x00200000,1,1,ksproxy.ax,10.00.22621.3527
Line in at front panel (Green),0x00200000,1,1,ksproxy.ax,10.00.22621.3527
[2025-01-06 20:18:28.322] [DISPLAY] [DxDia] [diag] 

Mic in at front panel (Pink),0x00200000,1,1,ksproxy.ax,10.00.22621.3527
,0x00000000,0,0,,
,0x00000000,0,0,,
RTX-Audio Point,0x00200000,2,2,ksproxy.ax,10.00.22621.3527
,0x00000000,0,0,,
fifine Microphone,0x00200000,2,2,ksproxy.ax,10.00.22621.3527

WDM Streaming Rendering Devices:
RTX-Audio Point,0x00200000,2,2,ksproxy.ax,10.00.22621.3527
,0x00200000,1,1,,
Realtek HD Audio output,0x00200000,1,1,ksproxy.ax,10.00.22621.3527
,0x00000000,0,0,,
,0x00000000,0,0,,
,0x00000000,0,0,,
fifine Microphone,0x00200000,2,2,ksproxy.ax,10.00.22621.3527

BDA Network Providers:
Microsoft ATSC Network Provider,0x00200000,0,1,MSDvbNP.ax,10.00.22621.0001
Microsoft DVBC Network Provider,0x00200000,0,1,MSDvbNP.ax,10.00.22621.0001
Microsoft DVBS Network Provider,0x00200000,0,1,MSDvbNP.ax,10.00.22621.0001
Microsoft DVBT Network Provider,0x00200000,0,1,MSDvbNP.ax,10.00.22621.0001
Microsoft Network Provider,0x00200000,0,1,MSNP.ax,10.00.22621.0001

Video Capture Sources:
Camera (NVIDIA Broadcast),0x00200000,0,1,NvVirtualCameraFilter_x64.dll,1.04.0000.0039

Multi-Instance Capable VBI Codecs:
VBI Codec,0x00600000,1,4,VBICodec.ax,10.00.22621.0001

BDA Transport Information Renderers:
BDA MPEG2 Transport Information Filter,0x00600000,2,0,psisrndr.ax,10.00.22621.0001
MPEG-2 Sections and Tables,0x00600000,1,0,Mpeg2Data.ax,10.00.22621.0001

WDM Streaming Communication Transforms:
Tee/Sink-to-Sink Converter,0x00200000,1,1,ksproxy.ax,10.00.22621.3527

Audio Renderers:
Speakers (Realtek(R) Audio),0x00200000,1,0,quartz.dll,10.00.22621.2506
Default DirectSound Device,0x00800000,1,0,quartz.dll,10.00.22621.2506
Default WaveOut Device,0x00200000,1,0,quartz.dll,10.00.22621.2506
DirectSound: Speakers (NVIDIA Broadcast),0x00200000,1,0,quartz.dll,10.00.22621.2506
DirectSound: Speakers (Realtek(R) Audio),0x00200000,1,0,quartz.dll,10.00.22621.2506
DirectSound: VG28UQL1A (NVIDIA High Definition Audio),0x00200000,1,0,quartz.dll,10.00.22621.2506
Speakers (NVIDIA Broadcast),0x00200000,1,0,quartz.dll,10.00.22621.2506
VG28UQL1A (NVIDIA High Definition Audio),0x00200000,1,0,quartz.dll,10.00.22621.2506


----------------------------
Preferred DirectShow Filters
----------------------------

[HKEY_LOCAL_MACHINE\Software\Microsoft\DirectShow\Preferred]

<media subtype GUID>, [<filter friendly name>, ]<filter CLSID>

MEDIASUBTYPE_DVD_LPCM_AUDIO, Microsoft DTV-DVD Audio Decoder, CLSID_CMPEG2AudDecoderDS
MEDIASUBTYPE_MPEG2_AUDIO, Microsoft DTV-DVD Audio Decoder, CLSID_CMPEG2AudDecoderDS
MEDIASUBTYPE_MPEG2_VIDEO, Microsoft DTV-DVD Video Decoder, CLSID_CMPEG2VidDecoderDS
{78766964-0000-0010-8000-00AA00389B71}, Mpeg4s Decoder DMO, CLSID_CMpeg4sDecMediaObject
{7634706D-0000-0010-8000-00AA00389B71}, Mpeg4s Decoder DMO, CLSID_CMpeg4sDecMediaObject
MEDIASUBTYPE_mp4s, Mpeg4s Decoder DMO, CLSID_CMpeg4sDecMediaObject
{64697678-0000-0010-8000-00AA00389B71}, Mpeg4s Decoder DMO, CLSID_CMpeg4sDecMediaObject
{58564944-0000-0010-8000-00AA00389B71}, Mpeg4s Decoder DMO, CLSID_CMpeg4sDecMediaObject
{5634504D-0000-0010-8000-00AA00389B71}, Mpeg4s Decoder DMO, CLSID_CMpeg4sDecMediaObject
MEDIASUBTYPE_MP4S, Mpeg4s Decoder DMO, CLSID_CMpeg4sDecMediaObject
MEDIASUBTYPE_WMVR, WMVideo Decoder DMO, CLSID_CWMVDecMediaObject
MEDIASUBTYPE_WMVP, WMVideo Decoder DMO, CLSID_CWMVDecMediaObject
{44495658-0000-0010-8000-00AA00389B71}, Mpeg4s Decoder DMO, CLSID_CMpeg4sDecMediaObject
MEDIASUBTYPE_WMVA, WMVideo Decoder DMO, CLSID_CWMVDecMediaObject
MEDIASUBTYPE_mpg4, Mpeg4 Decoder DMO, CLSID_CMpeg4DecMediaObject
MEDIASUBTYPE_MPG4, Mpeg4 Decoder DMO, CLSID_CMpeg4DecMediaObject
MEDIASUBTYPE_h264, Microsoft DTV-DVD Video Decoder, CLSID_CMPEG2VidDecoderDS
MEDIASUBTYPE_H264, Microsoft DTV-DVD Video Decoder, CLSID_CMPEG2VidDecoderDS
MEDIASUBTYPE_WMV3, WMVideo Decoder DMO, CLSID_CWMVDecMediaObject
MEDIASUBTYPE_mp43, Mpeg43 Decoder DMO, CLSID_CMpeg43DecMediaObject
MEDIASUBTYPE_MP43, Mpeg43 Decoder DMO, CLSID_CMpeg43DecMediaObject
MEDIASUBTYPE_m4s2, Mpeg4s Decoder DMO, CLSID_CMpeg4sDecMediaObject
[2025-01-06 20:18:28.322] [DISPLAY] [DxDia] [diag] 

MEDIASUBTYPE_WMV2, WMVideo Decoder DMO, CLSID_CWMVDecMediaObject
MEDIASUBTYPE_MSS2, WMV Screen decoder DMO, CLSID_CMSSCDecMediaObject
MEDIASUBTYPE_M4S2, Mpeg4s Decoder DMO, CLSID_CMpeg4sDecMediaObject
MEDIASUBTYPE_WVP2, WMVideo Decoder DMO, CLSID_CWMVDecMediaObject
MEDIASUBTYPE_mp42, Mpeg4 Decoder DMO, CLSID_CMpeg4DecMediaObject
MEDIASUBTYPE_MP42, Mpeg4 Decoder DMO, CLSID_CMpeg4DecMediaObject
MEDIASUBTYPE_WMV1, WMVideo Decoder DMO, CLSID_CWMVDecMediaObject
MEDIASUBTYPE_MSS1, WMV Screen decoder DMO, CLSID_CMSSCDecMediaObject
MEDIASUBTYPE_WVC1, WMVideo Decoder DMO, CLSID_CWMVDecMediaObject
MEDIASUBTYPE_AVC1, Microsoft DTV-DVD Video Decoder, CLSID_CMPEG2VidDecoderDS
MEDIASUBTYPE_MPEG_LOAS, Microsoft DTV-DVD Audio Decoder, CLSID_CMPEG2AudDecoderDS
MEDIASUBTYPE_MPEG_ADTS_AAC, Microsoft DTV-DVD Audio Decoder, CLSID_CMPEG2AudDecoderDS
MEDIASUBTYPE_WMAUDIO_LOSSLESS, WMAudio Decoder DMO, CLSID_CWMADecMediaObject
MEDIASUBTYPE_WMAUDIO3, WMAudio Decoder DMO, CLSID_CWMADecMediaObject
WMMEDIASUBTYPE_WMAudioV8, WMAudio Decoder DMO, CLSID_CWMADecMediaObject
MEDIASUBTYPE_MSAUDIO1, WMAudio Decoder DMO, CLSID_CWMADecMediaObject
MEDIASUBTYPE_RAW_AAC1, Microsoft DTV-DVD Audio Decoder, CLSID_CMPEG2AudDecoderDS
WMMEDIASUBTYPE_MP3, MP3 Decoder DMO, CLSID_CMP3DecMediaObject
MEDIASUBTYPE_MPEG1Payload, MPEG Video Decoder, CLSID_CMpegVideoCodec
MEDIASUBTYPE_MPEG1Packet, MPEG Video Decoder, CLSID_CMpegVideoCodec
{6C737664-0000-0010-8000-00AA00389B71}, DV Video Decoder, CLSID_DVVideoCodec
{64737664-0000-0010-8000-00AA00389B71}, DV Video Decoder, CLSID_DVVideoCodec
{64687664-0000-0010-8000-00AA00389B71}, DV Video Decoder, CLSID_DVVideoCodec
MEDIASUBTYPE_MJPG, MJPEG Decompressor, CLSID_MjpegDec
{20637664-0000-0010-8000-00AA00389B71}, DV Video Decoder, CLSID_DVVideoCodec
MEDIASUBTYPE_MPEG1AudioPayload, MPEG Audio Decoder, CLSID_CMpegAudioCodec
WMMEDIASUBTYPE_WMSP2, WMSpeech Decoder DMO, CLSID_CWMSPDecMediaObject
WMMEDIASUBTYPE_WMSP1, WMSpeech Decoder DMO, CLSID_CWMSPDecMediaObject


---------------------------
Media Foundation File Versions
---------------------------

  mfcore.dll, 10.00.22621.4601
  mfreadwrite.dll, 10.00.22621.3958
  mfcaptureengine.dll, 10.00.22621.3527
  mfsensorgroup.dll, 10.00.22621.3810
  windows.media.dll, 10.00.22621.4541
  frameserver.dll, 10.00.22621.4391
  frameserverclient.dll, 10.00.22621.3810


---------------------------
Media Foundation Transforms
---------------------------

[HKEY_LOCAL_MACHINE\Software\Classes\MediaFoundation\Transforms]

<category>:
  <transform friendly name>, <transform CLSID>, <flags>, [<merit>, ]<file name>, <file version>

Video Decoders:
  AMD D3D11 Hardware MFT Playback Decoder, {17796AEB-0F66-4663-B8FB-99CBEE0224CE}, 0x4, 8, amdhwdecoder_64.dll, 32.00.11016.0003
  NVIDIA MJPEG Video Decoder MFT, {70F36578-2741-454F-B494-E8563DDD1CB4}, 0x4, 8, nvDecMFTMjpegx.dll, 32.00.0015.6636
  AMD D3D11 Hardware MFT Playback Decoder, {17796AEB-0F66-4663-B8FB-99CBEE0224CE}, 0x4, 8, amdhwdecoder_64.dll, 32.00.11016.0003
  Microsoft MPEG Video Decoder MFT, {2D709E52-123F-49B5-9CBC-9AF5CDE28FB9}, 0x1, msmpeg2vdec.dll, 10.00.22621.4541
  DV Decoder MFT, {404A6DE5-D4D6-4260-9BC7-5A6CBD882432}, 0x1, mfdvdec.dll, 10.00.22621.0001
  Mpeg4s Decoder MFT, CLSID_CMpeg4sDecMFT, 0x1, mp4sdecd.dll, 10.00.22621.0001
  Microsoft H264 Video Decoder MFT, CLSID_CMSH264DecoderMFT, 0x1, msmpeg2vdec.dll, 10.00.22621.4541
  WMV Screen decoder MFT, CLSID_CMSSCDecMediaObject, 0x1, wmvsdecd.dll, 10.00.22621.0001
  WMVideo Decoder MFT, CLSID_CWMVDecMediaObject, 0x1, wmvdecod.dll, 10.00.22621.2506
  MJPEG Decoder MFT, {CB17E772-E1CC-4633-8450-5617AF577905}, 0x1, mfmjpegdec.dll, 10.00.22621.4036
  Mpeg43 Decoder MFT, CLSID_CMpeg43DecMediaObject, 0x1, mp43decd.dll, 10.00.22621.0001
  Mpeg4 Decoder MFT, CLSID_CMpeg4DecMediaObject, 0x1, mpg4decd.dll, 10.00.22621.0001
  RawImageExtension
  VP9VideoExtensionDecoder
  WebpImageExtension
  HEIFImageExtension
  HEVCVideoExtension
Video Encoders:
[2025-01-06 20:18:28.322] [DISPLAY] [DxDia] [diag] 

  AMDh265Encoder, {5FD65104-A924-4835-AB71-09A223E3E37B}, 0x4, 8, amdh265enc64.dll, 32.00.11016.0003
  NVIDIA H.264 Encoder MFT, {60F44560-5A20-4857-BFEF-D29773CB8040}, 0x4, 8, nvEncMFTH264x.dll, 32.00.0015.6636
  NVIDIA AV1 Encoder MFT, {80B80715-8C5A-420D-B346-1A9DC40A5880}, 0x4, 8, nvEncMFTav1x.dll, 32.00.0015.6636
  NVIDIA HEVC Encoder MFT, {966F107C-8EA2-425D-B822-E4A71BEF01D7}, 0x4, 8, nvEncMFThevcx.dll, 32.00.0015.6636
  AMDh264Encoder, {ADC9BC80-0F41-46C6-AB75-D693D793597D}, 0x4, 8, amdh264enc64.dll, 32.00.11016.0003
  AMDh265Encoder, {5FD65104-A924-4835-AB71-09A223E3E37B}, 0x4, 8, amdh265enc64.dll, 32.00.11016.0003
  AMDh264Encoder, {ADC9BC80-0F41-46C6-AB75-D693D793597D}, 0x4, 8, amdh264enc64.dll, 32.00.11016.0003
  H264 Encoder MFT, {6CA50344-051A-4DED-9779-A43305165E35}, 0x1, mfh264enc.dll, 10.00.22621.0001
  WMVideo8 Encoder MFT, CLSID_CWMVXEncMediaObject, 0x1, wmvxencd.dll, 10.00.22621.0001
  H263 Encoder MFT, {BC47FCFE-98A0-4F27-BB07-698AF24F2B38}, 0x1, mfh263enc.dll, 10.00.22621.0001
  WMVideo9 Encoder MFT, CLSID_CWMV9EncMediaObject, 0x1, wmvencod.dll, 10.00.22621.0001
  Microsoft MPEG-2 Video Encoder MFT, {E6335F02-80B7-4DC4-ADFA-DFE7210D20D5}, 0x2, msmpeg2enc.dll, 10.00.22621.2506
  VP9VideoExtensionEncoder
  HEIFImageExtension
  HEVCVideoExtensionEncoder
Video Effects:
  Frame Rate Converter, CLSID_CFrameRateConvertDmo, 0x1, mfvdsp.dll, 10.00.22621.0001
  Resizer MFT, CLSID_CResizerDMO, 0x1, vidreszr.dll, 10.00.22621.2506
  VideoStabilization MFT, {51571744-7FE4-4FF2-A498-2DC34FF74F1B}, 0x1, MSVideoDSP.dll, 10.00.22621.2506
  Color Control, CLSID_CColorControlDmo, 0x1, mfvdsp.dll, 10.00.22621.0001
  Color Converter MFT, CLSID_CColorConvertDMO, 0x1, colorcnv.dll, 10.00.22621.2506
Video Processor:
  Microsoft Video Processor MFT, {88753B26-5B24-49BD-B2E7-0C445C78C982}, 0x1, msvproc.dll, 10.00.22621.3672
Audio Decoders:
  Microsoft Dolby Digital Plus Decoder MFT, {177C0AFE-900B-48D4-9E4C-57ADD250B3D4}, 0x1, DolbyDecMFT.dll, 10.00.22621.4601
  MS AMRNB Decoder MFT, {265011AE-5481-4F77-A295-ABB6FFE8D63E}, 0x1, MSAMRNBDecoder.dll, 10.00.22621.0001
  WMAudio Decoder MFT, CLSID_CWMADecMediaObject, 0x1, WMADMOD.DLL, 10.00.22621.2506
  Microsoft AAC Audio Decoder MFT, CLSID_CMSAACDecMFT, 0x1, MSAudDecMFT.dll, 10.00.22621.4111
  A-law Wrapper MFT, {36CB6E0C-78C1-42B2-9943-846262F31786}, 0x1, mfcore.dll, 10.00.22621.4601
  GSM ACM Wrapper MFT, {4A76B469-7B66-4DD4-BA2D-DDF244C766DC}, 0x1, mfcore.dll, 10.00.22621.4601
  WMAPro over S/PDIF MFT, CLSID_CWMAudioSpdTxDMO, 0x1, WMADMOD.DLL, 10.00.22621.2506
  Microsoft Opus Audio Decoder MFT, {63E17C10-2D43-4C42-8FE3-8D8B63E46A6A}, 0x1, MSOpusDecoder.dll, 10.00.22621.0001
  Microsoft FLAC Audio Decoder MFT, {6B0B3E6B-A2C5-4514-8055-AFE8A95242D9}, 0x1, MSFlacDecoder.dll, 10.00.22621.4036
  Microsoft MPEG Audio Decoder MFT, {70707B39-B2CA-4015-ABEA-F8447D22D88B}, 0x1, MSAudDecMFT.dll, 10.00.22621.4111
  WMSpeech Decoder DMO, CLSID_CWMSPDecMediaObject, 0x1, WMSPDMOD.DLL, 10.00.22621.2506
  G711 Wrapper MFT, {92B66080-5E2D-449E-90C4-C41F268E5514}, 0x1, mfcore.dll, 10.00.22621.4601
  IMA ADPCM ACM Wrapper MFT, {A16E1BFF-A80D-48AD-AECD-A35C005685FE}, 0x1, mfcore.dll, 10.00.22621.4601
  MP3 Decoder MFT, CLSID_CMP3DecMediaObject, 0x1, mp3dmod.dll, 10.00.22621.2506
  Microsoft ALAC Audio Decoder MFT, {C0CD7D12-31FC-4BBC-B363-7322EE3E1879}, 0x1, MSAlacDecoder.dll, 10.00.22621.0001
  ADPCM ACM Wrapper MFT, {CA34FE0A-5722-43AD-AF23-05F7650257DD}, 0x1, mfcore.dll, 10.00.22621.4601
  Dolby TrueHD IEC-61937 converter MFT, {CF5EEEDF-0E92-4B3B-A161-BD0FFE545E4B}, 0x1, mfaudiocnv.dll, 10.00.22621.2506
  DTS IEC-61937 converter MFT, {D035E24C-C877-42D7-A795-2A8A339B472F}, 0x1, mfaudiocnv.dll, 10.00.22621.2506
Audio Encoders:
  LPCM DVD-Audio MFT, {068A8476-9229-4CC0-9D49-2FC699DCD30A}, 0x1, mfaudiocnv.dll, 10.00.22621.2506
  MP3 Encoder ACM Wrapper MFT, {11103421-354C-4CCA-A7A3-1AFF9A5B6701}, 0x1, mfcore.dll, 10.00.22621.4601
  Microsoft FLAC Audio Encoder MFT, {128509E9-C44E-45DC-95E9-C255B8F466A6}, 0x1, MSFlacEncoder.dll, 10.00.22621.4036
[2025-01-06 20:18:28.322] [DISPLAY] [DxDia] [diag] 

  WM Speech Encoder DMO, CLSID_CWMSPEncMediaObject2, 0x1, WMSPDMOE.DLL, 10.00.22621.0001
  MS AMRNB Encoder MFT, {2FAE8AFE-04A3-423A-A814-85DB454712B0}, 0x1, MSAMRNBEncoder.dll, 10.00.22621.0001
  Microsoft MPEG-2 Audio Encoder MFT, {46A4DD5C-73F8-4304-94DF-308F760974F4}, 0x1, msmpeg2enc.dll, 10.00.22621.2506
  WMAudio Encoder MFT, CLSID_CWMAEncMediaObject, 0x1, WMADMOE.DLL, 10.00.22621.0001
  Microsoft AAC Audio Encoder MFT, {93AF0C51-2275-45D2-A35B-F2BA21CAED00}, 0x1, mfAACEnc.dll, 10.00.22621.4111
  Microsoft ALAC Audio Encoder MFT, {9AB6A28C-748E-4B6A-BFFF-CC443B8E8FB4}, 0x1, MSAlacEncoder.dll, 10.00.22621.0001
  Microsoft Dolby Digital Encoder MFT, {AC3315C9-F481-45D7-826C-0B406C1F64B8}, 0x1, msac3enc.dll, 10.00.22621.2506
Audio Effects:
  AEC, CLSID_CWMAudioAEC, 0x1, mfwmaaec.dll, 10.00.22621.0001
  Resampler MFT, CLSID_CResamplerMediaObject, 0x1, resampledmo.dll, 10.00.22621.2506
Multiplexers:
  Microsoft MPEG2 Multiplexer MFT, {AB300F71-01AB-46D2-AB6C-64906CB03258}, 0x2, mfmpeg2srcsnk.dll, 10.00.22621.4541
Others:
  Microsoft H264 Video Remux (MPEG2TSToMP4) MFT, {05A47EBB-8BF0-4CBF-AD2F-3B71D75866F5}, 0x1, msmpeg2vdec.dll, 10.00.22621.4541


--------------------------------------------
Media Foundation Enabled Hardware Categories
--------------------------------------------

[HKEY_LOCAL_MACHINE\Software\Microsoft\Windows Media Foundation\HardwareMFT]

EnableDecoders = 1
EnableEncoders = 1


-------------------------------------
Media Foundation Byte Stream Handlers
-------------------------------------

[HKEY_LOCAL_MACHINE\Software\Microsoft\Windows Media Foundation\ByteStreamHandlers]
[HKEY_LOCAL_MACHINE\Software\Classes\MediaFoundation\MediaSources\Preferred]

<file ext. or MIME type>, <handler CLSID>, <brief description>[, Preferred]

.3g2, {271C3902-6095-4C45-A22F-20091816EE9E}, MPEG4 Byte Stream Handler, Preferred
.3gp, {271C3902-6095-4C45-A22F-20091816EE9E}, MPEG4 Byte Stream Handler, Preferred
.3gp2, {271C3902-6095-4C45-A22F-20091816EE9E}, MPEG4 Byte Stream Handler, Preferred
.3gpp, {271C3902-6095-4C45-A22F-20091816EE9E}, MPEG4 Byte Stream Handler, Preferred
.aac, {926F41F7-003E-4382-9E84-9E953BE10562}, ADTS Byte Stream Handler, Preferred
.ac3, {46031BA1-083F-47D9-8369-23C92BDAB2FF}, AC-3 Byte Stream Handler, Preferred
.adt, {926F41F7-003E-4382-9E84-9E953BE10562}, ADTS Byte Stream Handler, Preferred
.adts, {926F41F7-003E-4382-9E84-9E953BE10562}, ADTS Byte Stream Handler, Preferred
.am?, {EFE6208A-0A2C-49FA-8A01-3768B559B6DA}, MF AMRNB Media Source ByteStreamHandler
.amr, {EFE6208A-0A2C-49FA-8A01-3768B559B6DA}, MF AMRNB Media Source ByteStreamHandler, Preferred
.asf, {41457294-644C-4298-A28A-BD69F2C0CF3B}, ASF Byte Stream Handler, Preferred
.avi, {7AFA253E-F823-42F6-A5D9-714BDE467412}, AVI Byte Stream Handler, Preferred
.dvr-ms, {A8721937-E2FB-4D7A-A9EE-4EB08C890B6E}, MF SBE Source ByteStreamHandler
.dvr-ms, {65964407-A5D8-4060-85B0-1CCD63F768E2}, dvr-ms Byte Stream Handler, Preferred
.ec3, {46031BA1-083F-47D9-8369-23C92BDAB2FF}, AC-3 Byte Stream Handler, Preferred
.flac, {0E41CFB8-0506-40F4-A516-77CC23642D91}, MF FLAC Media Source ByteStreamHandler, Preferred
.m2t, {40871C59-AB40-471F-8DC3-1F259D862479}, MPEG2 Byte Stream Handler, Preferred
.m2ts, {40871C59-AB40-471F-8DC3-1F259D862479}, MPEG2 Byte Stream Handler, Preferred
.m4a, {271C3902-6095-4C45-A22F-20091816EE9E}, MPEG4 Byte Stream Handler, Preferred
.m4v, {271C3902-6095-4C45-A22F-20091816EE9E}, MPEG4 Byte Stream Handler, Preferred
.mk3d, {1F9A2C18-D89E-463E-B4F4-BB90152ACC64}, MKV Byte Stream Handler, Preferred
.mka, {1F9A2C18-D89E-463E-B4F4-BB90152ACC64}, MKV Byte Stream Handler, Preferred
.mks, {1F9A2C18-D89E-463E-B4F4-BB90152ACC64}, MKV Byte Stream Handler, Preferred
.mkv, {1F9A2C18-D89E-463E-B4F4-BB90152ACC64}, MKV Byte Stream Handler, Preferred
.mod, {40871C59-AB40-471F-8DC3-1F259D862479}, MPEG2 Byte Stream Handler, Preferred
.mov, {271C3902-6095-4C45-A22F-20091816EE9E}, MPEG4 Byte Stream Handler, Preferred
[2025-01-06 20:18:28.322] [DISPLAY] [DxDia] [diag] 

.mp2v, {40871C59-AB40-471F-8DC3-1F259D862479}, MPEG2 Byte Stream Handler, Preferred
.mp3, {A82E50BA-8E92-41EB-9DF2-433F50EC2993}, MP3 Byte Stream Handler, Preferred
.mp4, {271C3902-6095-4C45-A22F-20091816EE9E}, MPEG4 Byte Stream Handler, Preferred
.mp4v, {271C3902-6095-4C45-A22F-20091816EE9E}, MPEG4 Byte Stream Handler, Preferred
.mpa, {A82E50BA-8E92-41EB-9DF2-433F50EC2993}, MP3 Byte Stream Handler, Preferred
.mpeg, {40871C59-AB40-471F-8DC3-1F259D862479}, MPEG2 Byte Stream Handler, Preferred
.mpg, {40871C59-AB40-471F-8DC3-1F259D862479}, MPEG2 Byte Stream Handler, Preferred
.mts, {40871C59-AB40-471F-8DC3-1F259D862479}, MPEG2 Byte Stream Handler, Preferred
.nsc, {B084785C-DDE0-4D30-8CA8-05A373E185BE}, NSC Byte Stream Handler, Preferred
.sami, {7A56C4CB-D678-4188-85A8-BA2EF68FA10D}, SAMI Byte Stream Handler, Preferred
.smi, {7A56C4CB-D678-4188-85A8-BA2EF68FA10D}, SAMI Byte Stream Handler, Preferred
.tod, {40871C59-AB40-471F-8DC3-1F259D862479}, MPEG2 Byte Stream Handler, Preferred
.ts, {40871C59-AB40-471F-8DC3-1F259D862479}, MPEG2 Byte Stream Handler, Preferred
.tts, {40871C59-AB40-471F-8DC3-1F259D862479}, MPEG2 Byte Stream Handler, Preferred
.uvu, {271C3902-6095-4C45-A22F-20091816EE9E}, MPEG4 Byte Stream Handler, Preferred
.vob, {40871C59-AB40-471F-8DC3-1F259D862479}, MPEG2 Byte Stream Handler, Preferred
.wav, {42C9B9F5-16FC-47EF-AF22-DA05F7C842E3}, WAV Byte Stream Handler, Preferred
.weba, {1F9A2C18-D89E-463E-B4F4-BB90152ACC64}, WEBM Byte Stream Handler, Preferred
.webm, {1F9A2C18-D89E-463E-B4F4-BB90152ACC64}, WEBM Byte Stream Handler, Preferred
.wm, {41457294-644C-4298-A28A-BD69F2C0CF3B}, ASF Byte Stream Handler, Preferred
.wma, {41457294-644C-4298-A28A-BD69F2C0CF3B}, ASF Byte Stream Handler, Preferred
.wmv, {41457294-644C-4298-A28A-BD69F2C0CF3B}, ASF Byte Stream Handler, Preferred
.wtv, {65964407-A5D8-4060-85B0-1CCD63F768E2}, WTV Byte Stream Handler, Preferred
audio/3gpp, {271C3902-6095-4C45-A22F-20091816EE9E}, MPEG4 Byte Stream Handler, Preferred
audio/3gpp2, {271C3902-6095-4C45-A22F-20091816EE9E}, MPEG4 Byte Stream Handler, Preferred
audio/aac, {926F41F7-003E-4382-9E84-9E953BE10562}, ADTS Byte Stream Handler, Preferred
audio/aacp, {926F41F7-003E-4382-9E84-9E953BE10562}, ADTS Byte Stream Handler, Preferred
audio/eac3, {46031BA1-083F-47D9-8369-23C92BDAB2FF}, AC-3 Byte Stream Handler, Preferred
audio/flac, {0E41CFB8-0506-40F4-A516-77CC23642D91}, MF FLAC Media Source ByteStreamHandler, Preferred
audio/L16, {3FFB3B8C-EB99-472B-8902-E1C1B05F07CF}, LPCM Byte Stream Handler, Preferred
audio/mp3, {A82E50BA-8E92-41EB-9DF2-433F50EC2993}, MP3 Byte Stream Handler, Preferred
audio/mp4, {271C3902-6095-4C45-A22F-20091816EE9E}, MPEG4 Byte Stream Handler, Preferred
audio/MP4A-LATM, {271C3902-6095-4C45-A22F-20091816EE9E}, MPEG4 Byte Stream Handler, Preferred
audio/mpa, {A82E50BA-8E92-41EB-9DF2-433F50EC2993}, MP3 Byte Stream Handler, Preferred
audio/mpeg, {A82E50BA-8E92-41EB-9DF2-433F50EC2993}, MP3 Byte Stream Handler, Preferred
audio/mpeg3, {A82E50BA-8E92-41EB-9DF2-433F50EC2993}, MP3 Byte Stream Handler, Preferred
audio/vnd.dlna.adts, {926F41F7-003E-4382-9E84-9E953BE10562}, ADTS Byte Stream Handler, Preferred
audio/vnd.dolby.dd-raw, {46031BA1-083F-47D9-8369-23C92BDAB2FF}, AC-3 Byte Stream Handler, Preferred
audio/wav, {42C9B9F5-16FC-47EF-AF22-DA05F7C842E3}, WAV Byte Stream Handler, Preferred
audio/webm, {1F9A2C18-D89E-463E-B4F4-BB90152ACC64}, WEBM Byte Stream Handler, Preferred
audio/x-aac, {926F41F7-003E-4382-9E84-9E953BE10562}, ADTS Byte Stream Handler, Preferred
audio/x-flac, {0E41CFB8-0506-40F4-A516-77CC23642D91}, MF FLAC Media Source ByteStreamHandler, Preferred
audio/x-m4a, {271C3902-6095-4C45-A22F-20091816EE9E}, MPEG4 Byte Stream Handler, Preferred
audio/x-matroska, {1F9A2C18-D89E-463E-B4F4-BB90152ACC64}, MKV Byte Stream Handler, Preferred
audio/x-mp3, {A82E50BA-8E92-41EB-9DF2-433F50EC2993}, MP3 Byte Stream Handler, Preferred
audio/x-mpeg, {A82E50BA-8E92-41EB-9DF2-433F50EC2993}, MP3 Byte Stream Handler, Preferred
[2025-01-06 20:18:28.322] [DISPLAY] [DxDia] [diag] 

audio/x-ms-wma, {41457294-644C-4298-A28A-BD69F2C0CF3B}, ASF Byte Stream Handler, Preferred
audio/x-wav, {42C9B9F5-16FC-47EF-AF22-DA05F7C842E3}, WAV Byte Stream Handler, Preferred
video/3gpp, {271C3902-6095-4C45-A22F-20091816EE9E}, MPEG4 Byte Stream Handler, Preferred
video/3gpp2, {271C3902-6095-4C45-A22F-20091816EE9E}, MPEG4 Byte Stream Handler, Preferred
video/avi, {7AFA253E-F823-42F6-A5D9-714BDE467412}, AVI Byte Stream Handler, Preferred
video/mp4, {271C3902-6095-4C45-A22F-20091816EE9E}, MPEG4 Byte Stream Handler, Preferred
video/mpeg, {40871C59-AB40-471F-8DC3-1F259D862479}, MPEG2 Byte Stream Handler, Preferred
video/msvideo, {7AFA253E-F823-42F6-A5D9-714BDE467412}, AVI Byte Stream Handler, Preferred
video/vnd.dece.mp4, {271C3902-6095-4C45-A22F-20091816EE9E}, MPEG4 Byte Stream Handler, Preferred
video/vnd.dlna.mpeg-tts, {40871C59-AB40-471F-8DC3-1F259D862479}, MPEG2 Byte Stream Handler, Preferred
video/webm, {1F9A2C18-D89E-463E-B4F4-BB90152ACC64}, WEBM Byte Stream Handler, Preferred
video/x-m4v, {271C3902-6095-4C45-A22F-20091816EE9E}, MPEG4 Byte Stream Handler, Preferred
video/x-matroska, {1F9A2C18-D89E-463E-B4F4-BB90152ACC64}, MKV Byte Stream Handler, Preferred
video/x-ms-asf, {41457294-644C-4298-A28A-BD69F2C0CF3B}, ASF Byte Stream Handler, Preferred
video/x-ms-wm, {41457294-644C-4298-A28A-BD69F2C0CF3B}, ASF Byte Stream Handler, Preferred
video/x-ms-wmv, {41457294-644C-4298-A28A-BD69F2C0CF3B}, ASF Byte Stream Handler, Preferred
video/x-msvideo, {7AFA253E-F823-42F6-A5D9-714BDE467412}, AVI Byte Stream Handler, Preferred


--------------------------------
Media Foundation Scheme Handlers
--------------------------------

[HKEY_LOCAL_MACHINE\Software\Microsoft\Windows Media Foundation\SchemeHandlers]
[HKEY_LOCAL_MACHINE\Software\Classes\MediaFoundation\MediaSources\Preferred]

<URL type>, <handler CLSID>, <brief description>[, Preferred]

file:, {477EC299-1421-4BDD-971F-7CCB933F21AD}, File Scheme Handler, Preferred
http:, {44CB442B-9DA9-49DF-B3FD-023777B16E50}, Http Scheme Handler
http:, {9EC4B4F9-3029-45AD-947B-344DE2A249E2}, Urlmon Scheme Handler
http:, {E9F4EBAB-D97B-463E-A2B1-C54EE3F9414D}, Net Scheme Handler, Preferred
httpd:, {44CB442B-9DA9-49DF-B3FD-023777B16E50}, Http Scheme Handler, Preferred
https:, {37A61C8B-7F8E-4D08-B12B-248D73E9AB4F}, Secure Http Scheme Handler, Preferred
httpsd:, {37A61C8B-7F8E-4D08-B12B-248D73E9AB4F}, Secure Http Scheme Handler, Preferred
httpt:, {E9F4EBAB-D97B-463E-A2B1-C54EE3F9414D}, Net Scheme Handler, Preferred
httpu:, {E9F4EBAB-D97B-463E-A2B1-C54EE3F9414D}, Net Scheme Handler, Preferred
mcast:, {E9F4EBAB-D97B-463E-A2B1-C54EE3F9414D}, Net Scheme Handler, Preferred
mcrecv:, {FA6D33D4-9405-4BA5-9983-12604AC8E77A}, Miracast Sink Scheme Handler, Preferred
mms:, {E9F4EBAB-D97B-463E-A2B1-C54EE3F9414D}, Net Scheme Handler, Preferred
ms-appdata:, {CFC81939-3886-4ACF-9692-DA58037AE716}, MsAppData Scheme Handler, Preferred
ms-appx-web:, {8DB0224B-3D65-4F6F-8E12-BEB4B78B8974}, MsAppxWeb Scheme Handler, Preferred
ms-appx:, {8DB0224B-3D65-4F6F-8E12-BEB4B78B8974}, MsAppx Scheme Handler, Preferred
ms-winsoundevent:, {F79A6BF9-7415-4CF3-AE10-4559509ABC3C}, Sound Event Scheme Handler, Preferred
rtsp:, {E9F4EBAB-D97B-463E-A2B1-C54EE3F9414D}, Net Scheme Handler, Preferred
rtsps:, {E9F4EBAB-D97B-463E-A2B1-C54EE3F9414D}, Net Scheme Handler, Preferred
rtspt:, {E9F4EBAB-D97B-463E-A2B1-C54EE3F9414D}, Net Scheme Handler, Preferred
rtspu:, {E9F4EBAB-D97B-463E-A2B1-C54EE3F9414D}, Net Scheme Handler, Preferred
sdp:, {E9F4EBAB-D97B-463E-A2B1-C54EE3F9414D}, Net Scheme Handler, Preferred


-------------------------------------
Preferred Media Foundation Transforms
-------------------------------------

[HKEY_LOCAL_MACHINE\Software\Classes\MediaFoundation\Transforms\Preferred]

<media subtype GUID>, [<transform friendly name>, ]<transform CLSID>

{EB27CEC4-163E-4CA3-8B74-8E25F91B517E}, Dolby TrueHD IEC-61937 converter MFT, {CF5EEEDF-0E92-4B3B-A161-BD0FFE545E4B}
[2025-01-06 20:18:28.322] [DISPLAY] [DxDia] [diag] 

{E06D8033-DB46-11CF-B4D1-00805F6CBBEA}, DTS IEC-61937 converter MFT, {D035E24C-C877-42D7-A795-2A8A339B472F}
{E06D802C-DB46-11CF-B4D1-00805F6CBBEA}, Microsoft Dolby Digital Plus Decoder MFT, {177C0AFE-900B-48D4-9E4C-57ADD250B3D4}
MFVideoFormat_MPEG2, Microsoft MPEG Video Decoder MFT, {2D709E52-123F-49B5-9CBC-9AF5CDE28FB9}
{C2FE6F0A-4E3C-4DF1-9B60-50863091E4B9}, DTS IEC-61937 converter MFT, {D035E24C-C877-42D7-A795-2A8A339B472F}
MEDIASUBTYPE_DOLBY_DDPLUS, Microsoft Dolby Digital Plus Decoder MFT, {177C0AFE-900B-48D4-9E4C-57ADD250B3D4}
{A61AC364-AD0E-4744-89FF-213CE0DF8804}, DTS IEC-61937 converter MFT, {D035E24C-C877-42D7-A795-2A8A339B472F}
{A2E58EB7-0FA9-48BB-A40C-FA0E156D0645}, DTS IEC-61937 converter MFT, {D035E24C-C877-42D7-A795-2A8A339B472F}
{7634706D-0000-0010-8000-00AA00389B71}, Mpeg4s Decoder MFT, CLSID_CMpeg4sDecMFT
{73616D72-767A-494D-B478-F29D25DC9037}, MS AMRNB Decoder MFT, {265011AE-5481-4F77-A295-ABB6FFE8D63E}
MEDIASUBTYPE_mp4s, Mpeg4s Decoder MFT, CLSID_CMpeg4sDecMFT
MFVideoFormat_DVSL, DV Decoder MFT, {404A6DE5-D4D6-4260-9BC7-5A6CBD882432}
MFVideoFormat_DVSD, DV Decoder MFT, {404A6DE5-D4D6-4260-9BC7-5A6CBD882432}
MFVideoFormat_DVHD, DV Decoder MFT, {404A6DE5-D4D6-4260-9BC7-5A6CBD882432}
{63616C61-0000-0010-8000-00AA00389B71}, Microsoft ALAC Audio Decoder MFT, {C0CD7D12-31FC-4BBC-B363-7322EE3E1879}
MFVideoFormat_MP4V, Mpeg4s Decoder MFT, CLSID_CMpeg4sDecMFT
MFVideoFormat_MP4S, Mpeg4s Decoder MFT, CLSID_CMpeg4sDecMFT
{53314356-0000-0010-8000-00AA00389B71}, WMVideo Decoder MFT, CLSID_CWMVDecMediaObject
MEDIASUBTYPE_WMVR, WMVideo Decoder MFT, CLSID_CWMVDecMediaObject
MEDIASUBTYPE_WMVP, WMVideo Decoder MFT, CLSID_CWMVDecMediaObject
MFVideoFormat_MJPG, MJPEG Decoder MFT, {CB17E772-E1CC-4633-8450-5617AF577905}
MEDIASUBTYPE_WMVA, WMVideo Decoder MFT, CLSID_CWMVDecMediaObject
{3F40F4F0-5622-4FF8-B6D8-A17A584BEE5E}, Microsoft H264 Video Decoder MFT, CLSID_CMSH264DecoderMFT
MEDIASUBTYPE_mpg4, Mpeg4 Decoder MFT, CLSID_CMpeg4DecMediaObject
MEDIASUBTYPE_MPG4, Mpeg4 Decoder MFT, CLSID_CMpeg4DecMediaObject
MFVideoFormat_H264, Microsoft H264 Video Decoder MFT, CLSID_CMSH264DecoderMFT
MFVideoFormat_WMV3, WMVideo Decoder MFT, CLSID_CWMVDecMediaObject
{33363248-0000-0010-8000-00AA00389B71}, Mpeg4s Decoder MFT, CLSID_CMpeg4sDecMFT
MEDIASUBTYPE_mp43, Mpeg43 Decoder MFT, CLSID_CMpeg43DecMediaObject
MFVideoFormat_MP43, Mpeg43 Decoder MFT, CLSID_CMpeg43DecMediaObject
MEDIASUBTYPE_m4s2, Mpeg4s Decoder MFT, CLSID_CMpeg4sDecMFT
MFVideoFormat_WMV2, WMVideo Decoder MFT, CLSID_CWMVDecMediaObject
MFVideoFormat_MSS2, WMV Screen decoder MFT, CLSID_CMSSCDecMediaObject
MFVideoFormat_M4S2, Mpeg4s Decoder MFT, CLSID_CMpeg4sDecMFT
MEDIASUBTYPE_WVP2, WMVideo Decoder MFT, CLSID_CWMVDecMediaObject
MEDIASUBTYPE_mp42, Mpeg4 Decoder MFT, CLSID_CMpeg4DecMediaObject
MEDIASUBTYPE_MP42, Mpeg4 Decoder MFT, CLSID_CMpeg4DecMediaObject
MFVideoFormat_WMV1, WMVideo Decoder MFT, CLSID_CWMVDecMediaObject
MFVideoFormat_MSS1, WMV Screen decoder MFT, CLSID_CMSSCDecMediaObject
MFVideoFormat_MPG1, Microsoft MPEG Video Decoder MFT, {2D709E52-123F-49B5-9CBC-9AF5CDE28FB9}
MFVideoFormat_WVC1, WMVideo Decoder MFT, CLSID_CWMVDecMediaObject
MFVideoFormat_DVC, DV Decoder MFT, {404A6DE5-D4D6-4260-9BC7-5A6CBD882432}
{0000F1AC-0000-0010-8000-00AA00389B71}, Microsoft FLAC Audio Decoder MFT, {6B0B3E6B-A2C5-4514-8055-AFE8A95242D9}
{00007361-0000-0010-8000-00AA00389B71}, MS AMRNB Decoder MFT, {265011AE-5481-4F77-A295-ABB6FFE8D63E}
{0000704F-0000-0010-8000-00AA00389B71}, Microsoft Opus Audio Decoder MFT, {63E17C10-2D43-4C42-8FE3-8D8B63E46A6A}
{00006C61-0000-0010-8000-00AA00389B71}, Microsoft ALAC Audio Decoder MFT, {C0CD7D12-31FC-4BBC-B363-7322EE3E1879}
{00002001-0000-0010-8000-00AA00389B71}, DTS IEC-61937 converter MFT, {D035E24C-C877-42D7-A795-2A8A339B472F}
{00002000-0000-0010-8000-00AA00389B71}, Microsoft Dolby Digital Plus Decoder MFT, {177C0AFE-900B-48D4-9E4C-57ADD250B3D4}
MFAudioFormat_AAC, Microsoft AAC Audio Decoder MFT, CLSID_CMSAACDecMFT
MFAudioFormat_ADTS, Microsoft AAC Audio Decoder MFT, CLSID_CMSAACDecMFT
[2025-01-06 20:18:28.322] [DISPLAY] [DxDia] [diag] 

MFAudioFormat_WMAudio_Lossless, WMAudio Decoder MFT, CLSID_CWMADecMediaObject
MFAudioFormat_WMAudioV9, WMAudio Decoder MFT, CLSID_CWMADecMediaObject
MFAudioFormat_WMAudioV8, WMAudio Decoder MFT, CLSID_CWMADecMediaObject
MEDIASUBTYPE_MSAUDIO1, WMAudio Decoder MFT, CLSID_CWMADecMediaObject
MEDIASUBTYPE_RAW_AAC1, Microsoft AAC Audio Decoder MFT, CLSID_CMSAACDecMFT
MFAudioFormat_MP3, MP3 Decoder MFT, CLSID_CMP3DecMediaObject
MFAudioFormat_MPEG, Microsoft MPEG Audio Decoder MFT, {70707B39-B2CA-4015-ABEA-F8447D22D88B}
{00000031-0000-0010-8000-00AA00389B71}, GSM ACM Wrapper MFT, {4A76B469-7B66-4DD4-BA2D-DDF244C766DC}
{00000011-0000-0010-8000-00AA00389B71}, IMA ADPCM ACM Wrapper MFT, {A16E1BFF-A80D-48AD-AECD-A35C005685FE}
KSDATAFORMAT_SUBTYPE_MULAW, G711 Wrapper MFT, {92B66080-5E2D-449E-90C4-C41F268E5514}
{00000006-0000-0010-8000-00AA00389B71}, A-law Wrapper MFT, {36CB6E0C-78C1-42B2-9943-846262F31786}
KSDATAFORMAT_SUBTYPE_ADPCM, ADPCM ACM Wrapper MFT, {CA34FE0A-5722-43AD-AF23-05F7650257DD}
WMMEDIASUBTYPE_WMSP2, WMSpeech Decoder DMO, CLSID_CWMSPDecMediaObject
MFAudioFormat_MSP1, WMSpeech Decoder DMO, CLSID_CWMSPDecMediaObject


-------------------------------------
Disabled Media Foundation Transforms
-------------------------------------

[HKEY_LOCAL_MACHINE\Software\Classes\MediaFoundation\Transforms\DoNotUse]

<transform CLSID>



------------------------
Disabled Media Sources
------------------------

[HKEY_LOCAL_MACHINE\Software\Classes\MediaFoundation\MediaSources\DoNotUse]

<media source CLSID>


---------------
EVR Power Information
---------------
Current Setting: {5C67A112-A4C9-483F-B4A7-1D473BECAFDC} (Quality) 
  Quality Flags: 2576
    Enabled:
    Force throttling
    Allow half deinterlace
    Allow scaling
    Decode Power Usage: 100
  Balanced Flags: 1424
    Enabled:
    Force throttling
    Allow batching
    Force half deinterlace
    Force scaling
    Decode Power Usage: 50
  PowerFlags: 1424
    Enabled:
    Force throttling
    Allow batching
    Force half deinterlace
    Force scaling
    Decode Power Usage: 0

---------------
Diagnostics
---------------

Windows Error Reporting:
+++ WER0 +++:
Fault bucket 1407201774349628851, type 5
Event Name: AutoVerifierV2
Response: Not available
Cab Id: 0

Problem signature:
P1: RobloxPlayerBeta.exe
P2: 0.654.1.52413
P3: dc49778a
P4: RobloxPlayerBeta.exe
P5: 0.654.1.52413
P6: dc49778a
P7: c0000005
P8: 000000000062988e
P9: 2
P10: unknown


+++ WER1 +++:
Fault bucket 1914827361645244627, type 5
Event Name: RADAR_PRE_LEAK_64
Response: Not available
Cab Id: 0

Problem signature:
P1: SoTGame.exe
P2: 0.0.0.0
P3: 10.0.22631.2.0.0
P4: 
P5: 
P6: 
P7: 
P8: 
P9: 
P10: 


+++ WER2 +++:
Fault bucket 2192099882421122936, type 5
Event Name: RADAR_PRE_LEAK_64
Response: Not available
Cab Id: 0

Problem signature:
P1: sp24-cod.exe
P2: 0.0.0.0
P3: 10.0.22631.2.0.0
P4: 
P5: 
P6: 
P7: 
P8: 
P9: 
P10: 


+++ WER3 +++:
Fault bucket 1787274750588333088, type 5
Event Name: BEX64
Response: Not available
Cab Id: 0

Problem signature:
P1: ArmourySocketServer.exe
P2: 0.1.20.13
P3: 66bb1e92
P4: ArmourySocketServer.exe
P5: 0.1.20.13
P6: 66bb1e92
P7: 000000000011f0c1
P8: c0000409
P9: 0000000000000007
P10: 


+++ WER4 +++:
Fault bucket 1651246938922081817, type 5
Event Name: RADAR_PRE_LEAK_64
Response: Not available
Cab Id: 0

Problem signature:
P1: PummelParty.exe
P2: 2021.3.30.13837
P3: 10.0.22631.2.0.0
P4: 
P5: 
P6: 
P7: 
P8: 
P9: 
P10: 


+++ WER5 +++:
Fault bucket 2003542282658430120, type 5
Event Name: RADAR_PRE_LEAK_64
Response: Not available
Cab Id: 0

Problem signature:
P1: explorer.exe
P2: 10.0.22621.4541
P3: 10.0.22631.2.0.0
P4: 
P5: 
P6: 
P7: 
P8: 
P9: 
P10: 


+++ WER6 +++:
Fault bucket LKD_0x141_Tdr:6_IMAGE_nvlddmkm.sys_Ada, type 0
Event Name: LiveKernelEvent
Response: Not available
Cab Id: 5f3fa227-7350-418b-917f-a2ea0b5eb2c6

Problem signature:
P1: 141
P2: ffffbf8f717c4010
P3: fffff804d3ab16a0
P4: 0
[2025-01-06 20:18:28.322] [DISPLAY] [DxDia] [diag] 

P5: 85ac
P6: 10_0_22631
P7: 0_0
P8: 256_1
P9: 
P10: 


+++ WER7 +++:
Fault bucket , type 0
Event Name: LiveKernelEvent
Response: Not available
Cab Id: 0

Problem signature:
P1: 141
P2: ffffbf8f717c4010
P3: fffff804d3ab16a0
P4: 0
P5: 85ac
P6: 10_0_22631
P7: 0_0
P8: 256_1
P9: 
P10: 


+++ WER8 +++:
Fault bucket 2227973758060018873, type 5
Event Name: RADAR_PRE_LEAK_64
Response: Not available
Cab Id: 0

Problem signature:
P1: cod.exe
P2: 0.0.0.0
P3: 10.0.22631.2.0.0
P4: 
P5: 
P6: 
P7: 
P8: 
P9: 
P10: 


+++ WER9 +++:
Fault bucket 1593653512839310378, type 5
Event Name: RADAR_PRE_LEAK_64
Response: Not available
Cab Id: 0

Problem signature:
P1: bambu-studio.exe
P2: 1.0.0.0
P3: 10.0.22631.2.0.0
P4: 
P5: 
P6: 
P7: 
P8: 
P9: 
P10: 


[2025-01-06 20:18:28.379] [DISPLAY] [Main ] [systemtray] System tray: enabled
[2025-01-06 20:18:28.394] [DISPLAY] [Main ] [launcher] Passed check: majorVersion(10.0.22631) >= 10
[2025-01-06 20:18:28.715] [DISPLAY] [bgsvc] [svc] Received response from service.
[2025-01-06 20:18:28.753] [DISPLAY] [Workr] [idownloader] Starting download of 'https://gamedownloads-rockstargames-com.akamaized.net/public/launcher_online_config.xml'
[2025-01-06 20:18:28.976] [DISPLAY] [Workr] [idownloader] Completed download of 'https://gamedownloads-rockstargames-com.akamaized.net/public/launcher_online_config.xml' (status: 0/200)
[2025-01-06 20:18:28.976] [DISPLAY] [Workr] [titlemanager] Downloading title list...
[2025-01-06 20:18:28.976] [DISPLAY] [Workr] [titlemanager] Downloading default title list (SCS)...
[2025-01-06 20:18:28.976] [DISPLAY] [Workr] [titlemanager] Title list updated.
[2025-01-06 20:18:28.976] [DISPLAY] [Workr] [launcher] Checking for prerequisite updates...
[2025-01-06 20:18:29.035] [DISPLAY] [Workr] [preqmanager] A newer version of Social Club is available to be installed (available: 2.3.8.0, installed: 0.0.0.0)
[2025-01-06 20:18:29.035] [DISPLAY] [Workr] [preqmanager] Flagging Social Club for reinstall.
[2025-01-06 20:18:29.113] [DISPLAY] [Workr] [titleupdater] Installing prerequisites for title launcher
[2025-01-06 20:18:29.113] [DISPLAY] [Workr] [preqmanager] Installer version: 2.3.8.0
[2025-01-06 20:18:29.113] [DISPLAY] [Workr] [preqmanager] About to launch process: C:\Program Files\Rockstar Games\Launcher\Redistributables\SocialClub\Social-Club-Setup.exe (with commandline: /silent /forceinstall)
[2025-01-06 20:18:35.061] [DISPLAY] [Workr] [launcher] Checking minimum SDK requirement
[2025-01-06 20:18:35.217] [DISPLAY] [Workr] [launcher] Completed Social Club Pre-initialization tasks
[2025-01-06 20:18:36.239] [DISPLAY] [Main ] [launcher] Social Club UI has started.
[2025-01-06 20:18:37.548] [DISPLAY] [Main ] [launcher] Time to start up: 9656 ms
[2025-01-06 20:18:37.551] [DISPLAY] [Main ] [ui_mainwindow] Using DPI 144,144
[2025-01-06 20:18:37.551] [DISPLAY] [Main ] [ui_mainwindow] Using UI Scale: 1.50
[2025-01-06 20:18:37.551] [DISPLAY] [Main ] [ui_mainwindow] Centering on monitor: 960,594 (1920 x 900)
[2025-01-06 20:18:37.600] [DISPLAY] [Main ] [systemtray] System tray: enabled
[2025-01-06 20:20:58.645] [DISPLAY] [Main ] [launcher] Presence Event - Signed In
[2025-01-06 20:20:58.645] [DISPLAY] [Main ] [launcher] User 'wittlebean' is now signed in
[2025-01-06 20:20:58.655] [WARNING] [Main ] [settingsmanager] Couldn't read settings file C:\Users\justi\OneDrive\Documents\Rockstar Games\Launcher\Profiles\99F7C426\settings_account.dat; using defaults.
[2025-01-06 20:20:58.655] [DISPLAY] [Main ] [launcher] Presence Event :: Went Online
[2025-01-06 20:20:58.655] [DISPLAY] [Admin] [titlemanager] Downloading title list...
[2025-01-06 20:20:58.656] [DISPLAY] [Admin] [titlemanager] Downloading title list (SCS)...
[2025-01-06 20:20:58.928] [DISPLAY] [Setti] [localisation] Language updated to: 0
[2025-01-06 20:20:58.962] [DISPLAY] [Main ] [scuicallbacks] Enabling Downloading
[2025-01-06 20:20:58.993] [DISPLAY] [Main ] [launcher] Friend Event - Friends are Available
[2025-01-06 20:20:59.390] [DISPLAY] [Admin] [titlemanager] Title list updated.
[2025-01-06 20:21:15.042] [DISPLAY] [Main ] [launcher] Shutdown requested! Forced: false
[2025-01-06 20:21:15.042] [DISPLAY] [Main ] [launcher] StartShutdown - Now in progress
[2025-01-06 20:21:16.027] [DISPLAY] [Setti] [localisation] Language updated to: 0
[2025-01-06 20:21:16.521] [DISPLAY] [Main ] [app] Application quit requested (exit code: 0)
[2025-01-06 20:21:16.544] [DISPLAY] [Main ] [svc] Stopping the background service.
